ord_sample	svtype	n
1	DEL	23
2	DEL	26
3	DEL	27
4	DEL	29
5	DEL	29
6	DEL	30
7	DEL	30
8	DEL	30
9	DEL	30
10	DEL	31
11	DEL	31
12	DEL	31
13	DEL	31
14	DEL	31
15	DEL	31
16	DEL	31
17	DEL	31
18	DEL	32
19	DEL	32
20	DEL	32
21	DEL	32
22	DEL	32
23	DEL	32
24	DEL	32
25	DEL	32
26	DEL	32
27	DEL	33
28	DEL	33
29	DEL	33
30	DEL	33
31	DEL	33
32	DEL	33
33	DEL	33
34	DEL	33
35	DEL	33
36	DEL	34
37	DEL	34
38	DEL	34
39	DEL	34
40	DEL	34
41	DEL	34
42	DEL	34
43	DEL	34
44	DEL	34
45	DEL	34
46	DEL	35
47	DEL	35
48	DEL	35
49	DEL	35
50	DEL	35
51	DEL	35
52	DEL	35
53	DEL	35
54	DEL	35
55	DEL	35
56	DEL	35
57	DEL	35
58	DEL	35
59	DEL	35
60	DEL	35
61	DEL	35
62	DEL	35
63	DEL	36
64	DEL	36
65	DEL	36
66	DEL	36
67	DEL	36
68	DEL	36
69	DEL	36
70	DEL	36
71	DEL	36
72	DEL	36
73	DEL	36
74	DEL	36
75	DEL	36
76	DEL	36
77	DEL	36
78	DEL	36
79	DEL	36
80	DEL	36
81	DEL	36
82	DEL	36
83	DEL	36
84	DEL	36
85	DEL	36
86	DEL	36
87	DEL	37
88	DEL	37
89	DEL	37
90	DEL	37
91	DEL	37
92	DEL	37
93	DEL	37
94	DEL	37
95	DEL	37
96	DEL	37
97	DEL	37
98	DEL	37
99	DEL	37
100	DEL	37
101	DEL	37
102	DEL	37
103	DEL	37
104	DEL	37
105	DEL	37
106	DEL	37
107	DEL	37
108	DEL	37
109	DEL	37
110	DEL	37
111	DEL	37
112	DEL	37
113	DEL	37
114	DEL	37
115	DEL	37
116	DEL	37
117	DEL	37
118	DEL	37
119	DEL	37
120	DEL	38
121	DEL	38
122	DEL	38
123	DEL	38
124	DEL	38
125	DEL	38
126	DEL	38
127	DEL	38
128	DEL	38
129	DEL	38
130	DEL	38
131	DEL	38
132	DEL	38
133	DEL	38
134	DEL	38
135	DEL	38
136	DEL	38
137	DEL	38
138	DEL	38
139	DEL	38
140	DEL	38
141	DEL	38
142	DEL	38
143	DEL	38
144	DEL	38
145	DEL	38
146	DEL	38
147	DEL	38
148	DEL	38
149	DEL	38
150	DEL	38
151	DEL	38
152	DEL	38
153	DEL	38
154	DEL	38
155	DEL	38
156	DEL	38
157	DEL	38
158	DEL	38
159	DEL	38
160	DEL	39
161	DEL	39
162	DEL	39
163	DEL	39
164	DEL	39
165	DEL	39
166	DEL	39
167	DEL	39
168	DEL	39
169	DEL	39
170	DEL	39
171	DEL	39
172	DEL	39
173	DEL	39
174	DEL	39
175	DEL	39
176	DEL	39
177	DEL	39
178	DEL	39
179	DEL	39
180	DEL	39
181	DEL	39
182	DEL	39
183	DEL	39
184	DEL	39
185	DEL	39
186	DEL	39
187	DEL	39
188	DEL	39
189	DEL	39
190	DEL	39
191	DEL	39
192	DEL	39
193	DEL	39
194	DEL	39
195	DEL	39
196	DEL	39
197	DEL	39
198	DEL	39
199	DEL	39
200	DEL	39
201	DEL	40
202	DEL	40
203	DEL	40
204	DEL	40
205	DEL	40
206	DEL	40
207	DEL	40
208	DEL	40
209	DEL	40
210	DEL	40
211	DEL	40
212	DEL	40
213	DEL	40
214	DEL	40
215	DEL	40
216	DEL	40
217	DEL	40
218	DEL	40
219	DEL	40
220	DEL	40
221	DEL	40
222	DEL	40
223	DEL	40
224	DEL	40
225	DEL	40
226	DEL	40
227	DEL	40
228	DEL	40
229	DEL	40
230	DEL	40
231	DEL	40
232	DEL	40
233	DEL	40
234	DEL	40
235	DEL	40
236	DEL	40
237	DEL	40
238	DEL	40
239	DEL	40
240	DEL	40
241	DEL	40
242	DEL	40
243	DEL	40
244	DEL	40
245	DEL	40
246	DEL	40
247	DEL	41
248	DEL	41
249	DEL	41
250	DEL	41
251	DEL	41
252	DEL	41
253	DEL	41
254	DEL	41
255	DEL	41
256	DEL	41
257	DEL	41
258	DEL	41
259	DEL	41
260	DEL	41
261	DEL	41
262	DEL	41
263	DEL	41
264	DEL	41
265	DEL	41
266	DEL	41
267	DEL	41
268	DEL	41
269	DEL	41
270	DEL	41
271	DEL	41
272	DEL	41
273	DEL	41
274	DEL	41
275	DEL	41
276	DEL	41
277	DEL	41
278	DEL	41
279	DEL	41
280	DEL	41
281	DEL	41
282	DEL	41
283	DEL	41
284	DEL	41
285	DEL	41
286	DEL	41
287	DEL	41
288	DEL	41
289	DEL	41
290	DEL	41
291	DEL	41
292	DEL	41
293	DEL	41
294	DEL	41
295	DEL	41
296	DEL	41
297	DEL	41
298	DEL	41
299	DEL	41
300	DEL	42
301	DEL	42
302	DEL	42
303	DEL	42
304	DEL	42
305	DEL	42
306	DEL	42
307	DEL	42
308	DEL	42
309	DEL	42
310	DEL	42
311	DEL	42
312	DEL	42
313	DEL	42
314	DEL	42
315	DEL	42
316	DEL	42
317	DEL	42
318	DEL	42
319	DEL	42
320	DEL	42
321	DEL	42
322	DEL	42
323	DEL	42
324	DEL	42
325	DEL	42
326	DEL	42
327	DEL	42
328	DEL	42
329	DEL	42
330	DEL	42
331	DEL	42
332	DEL	42
333	DEL	42
334	DEL	42
335	DEL	42
336	DEL	42
337	DEL	42
338	DEL	42
339	DEL	42
340	DEL	42
341	DEL	42
342	DEL	42
343	DEL	42
344	DEL	42
345	DEL	42
346	DEL	42
347	DEL	42
348	DEL	42
349	DEL	42
350	DEL	42
351	DEL	42
352	DEL	42
353	DEL	42
354	DEL	42
355	DEL	42
356	DEL	42
357	DEL	42
358	DEL	42
359	DEL	42
360	DEL	42
361	DEL	43
362	DEL	43
363	DEL	43
364	DEL	43
365	DEL	43
366	DEL	43
367	DEL	43
368	DEL	43
369	DEL	43
370	DEL	43
371	DEL	43
372	DEL	43
373	DEL	43
374	DEL	43
375	DEL	43
376	DEL	43
377	DEL	43
378	DEL	43
379	DEL	43
380	DEL	43
381	DEL	43
382	DEL	43
383	DEL	43
384	DEL	43
385	DEL	43
386	DEL	43
387	DEL	43
388	DEL	43
389	DEL	43
390	DEL	43
391	DEL	43
392	DEL	43
393	DEL	43
394	DEL	43
395	DEL	43
396	DEL	43
397	DEL	43
398	DEL	43
399	DEL	43
400	DEL	43
401	DEL	43
402	DEL	43
403	DEL	43
404	DEL	43
405	DEL	43
406	DEL	43
407	DEL	43
408	DEL	43
409	DEL	43
410	DEL	43
411	DEL	43
412	DEL	43
413	DEL	43
414	DEL	43
415	DEL	43
416	DEL	43
417	DEL	43
418	DEL	43
419	DEL	43
420	DEL	43
421	DEL	43
422	DEL	43
423	DEL	43
424	DEL	43
425	DEL	43
426	DEL	43
427	DEL	43
428	DEL	43
429	DEL	43
430	DEL	43
431	DEL	43
432	DEL	43
433	DEL	43
434	DEL	43
435	DEL	43
436	DEL	43
437	DEL	43
438	DEL	43
439	DEL	43
440	DEL	43
441	DEL	44
442	DEL	44
443	DEL	44
444	DEL	44
445	DEL	44
446	DEL	44
447	DEL	44
448	DEL	44
449	DEL	44
450	DEL	44
451	DEL	44
452	DEL	44
453	DEL	44
454	DEL	44
455	DEL	44
456	DEL	44
457	DEL	44
458	DEL	44
459	DEL	44
460	DEL	44
461	DEL	44
462	DEL	44
463	DEL	44
464	DEL	44
465	DEL	44
466	DEL	44
467	DEL	44
468	DEL	44
469	DEL	44
470	DEL	44
471	DEL	44
472	DEL	44
473	DEL	44
474	DEL	44
475	DEL	44
476	DEL	44
477	DEL	44
478	DEL	44
479	DEL	44
480	DEL	44
481	DEL	44
482	DEL	44
483	DEL	44
484	DEL	44
485	DEL	44
486	DEL	44
487	DEL	44
488	DEL	44
489	DEL	44
490	DEL	44
491	DEL	44
492	DEL	44
493	DEL	44
494	DEL	44
495	DEL	44
496	DEL	44
497	DEL	44
498	DEL	44
499	DEL	44
500	DEL	44
501	DEL	44
502	DEL	44
503	DEL	44
504	DEL	44
505	DEL	44
506	DEL	44
507	DEL	44
508	DEL	44
509	DEL	45
510	DEL	45
511	DEL	45
512	DEL	45
513	DEL	45
514	DEL	45
515	DEL	45
516	DEL	45
517	DEL	45
518	DEL	45
519	DEL	45
520	DEL	45
521	DEL	45
522	DEL	45
523	DEL	45
524	DEL	45
525	DEL	45
526	DEL	45
527	DEL	45
528	DEL	45
529	DEL	45
530	DEL	45
531	DEL	45
532	DEL	45
533	DEL	45
534	DEL	45
535	DEL	45
536	DEL	45
537	DEL	45
538	DEL	45
539	DEL	45
540	DEL	45
541	DEL	45
542	DEL	45
543	DEL	45
544	DEL	45
545	DEL	45
546	DEL	45
547	DEL	45
548	DEL	45
549	DEL	45
550	DEL	45
551	DEL	45
552	DEL	45
553	DEL	45
554	DEL	45
555	DEL	45
556	DEL	45
557	DEL	45
558	DEL	45
559	DEL	45
560	DEL	45
561	DEL	45
562	DEL	45
563	DEL	45
564	DEL	45
565	DEL	45
566	DEL	45
567	DEL	45
568	DEL	45
569	DEL	45
570	DEL	45
571	DEL	45
572	DEL	45
573	DEL	45
574	DEL	45
575	DEL	45
576	DEL	45
577	DEL	45
578	DEL	45
579	DEL	45
580	DEL	45
581	DEL	45
582	DEL	45
583	DEL	45
584	DEL	45
585	DEL	45
586	DEL	45
587	DEL	45
588	DEL	45
589	DEL	45
590	DEL	45
591	DEL	45
592	DEL	45
593	DEL	46
594	DEL	46
595	DEL	46
596	DEL	46
597	DEL	46
598	DEL	46
599	DEL	46
600	DEL	46
601	DEL	46
602	DEL	46
603	DEL	46
604	DEL	46
605	DEL	46
606	DEL	46
607	DEL	46
608	DEL	46
609	DEL	46
610	DEL	46
611	DEL	46
612	DEL	46
613	DEL	46
614	DEL	46
615	DEL	46
616	DEL	46
617	DEL	46
618	DEL	46
619	DEL	46
620	DEL	46
621	DEL	46
622	DEL	46
623	DEL	46
624	DEL	46
625	DEL	46
626	DEL	46
627	DEL	46
628	DEL	46
629	DEL	46
630	DEL	46
631	DEL	46
632	DEL	46
633	DEL	46
634	DEL	46
635	DEL	46
636	DEL	46
637	DEL	46
638	DEL	46
639	DEL	46
640	DEL	46
641	DEL	46
642	DEL	46
643	DEL	46
644	DEL	46
645	DEL	46
646	DEL	46
647	DEL	46
648	DEL	46
649	DEL	46
650	DEL	46
651	DEL	46
652	DEL	46
653	DEL	46
654	DEL	46
655	DEL	46
656	DEL	46
657	DEL	46
658	DEL	46
659	DEL	46
660	DEL	46
661	DEL	46
662	DEL	46
663	DEL	46
664	DEL	46
665	DEL	46
666	DEL	46
667	DEL	46
668	DEL	46
669	DEL	46
670	DEL	46
671	DEL	46
672	DEL	46
673	DEL	46
674	DEL	46
675	DEL	46
676	DEL	46
677	DEL	46
678	DEL	46
679	DEL	46
680	DEL	46
681	DEL	46
682	DEL	46
683	DEL	46
684	DEL	47
685	DEL	47
686	DEL	47
687	DEL	47
688	DEL	47
689	DEL	47
690	DEL	47
691	DEL	47
692	DEL	47
693	DEL	47
694	DEL	47
695	DEL	47
696	DEL	47
697	DEL	47
698	DEL	47
699	DEL	47
700	DEL	47
701	DEL	47
702	DEL	47
703	DEL	47
704	DEL	47
705	DEL	47
706	DEL	47
707	DEL	47
708	DEL	47
709	DEL	47
710	DEL	47
711	DEL	47
712	DEL	47
713	DEL	47
714	DEL	47
715	DEL	47
716	DEL	47
717	DEL	47
718	DEL	47
719	DEL	47
720	DEL	47
721	DEL	47
722	DEL	47
723	DEL	47
724	DEL	47
725	DEL	47
726	DEL	47
727	DEL	47
728	DEL	47
729	DEL	47
730	DEL	47
731	DEL	47
732	DEL	47
733	DEL	47
734	DEL	47
735	DEL	47
736	DEL	47
737	DEL	47
738	DEL	47
739	DEL	47
740	DEL	47
741	DEL	47
742	DEL	47
743	DEL	47
744	DEL	47
745	DEL	47
746	DEL	47
747	DEL	47
748	DEL	47
749	DEL	47
750	DEL	47
751	DEL	47
752	DEL	47
753	DEL	47
754	DEL	47
755	DEL	47
756	DEL	47
757	DEL	47
758	DEL	47
759	DEL	47
760	DEL	47
761	DEL	47
762	DEL	47
763	DEL	47
764	DEL	47
765	DEL	47
766	DEL	47
767	DEL	48
768	DEL	48
769	DEL	48
770	DEL	48
771	DEL	48
772	DEL	48
773	DEL	48
774	DEL	48
775	DEL	48
776	DEL	48
777	DEL	48
778	DEL	48
779	DEL	48
780	DEL	48
781	DEL	48
782	DEL	48
783	DEL	48
784	DEL	48
785	DEL	48
786	DEL	48
787	DEL	48
788	DEL	48
789	DEL	48
790	DEL	48
791	DEL	48
792	DEL	48
793	DEL	48
794	DEL	48
795	DEL	48
796	DEL	48
797	DEL	48
798	DEL	48
799	DEL	48
800	DEL	48
801	DEL	48
802	DEL	48
803	DEL	48
804	DEL	48
805	DEL	48
806	DEL	48
807	DEL	48
808	DEL	48
809	DEL	48
810	DEL	48
811	DEL	48
812	DEL	48
813	DEL	48
814	DEL	48
815	DEL	48
816	DEL	48
817	DEL	48
818	DEL	48
819	DEL	48
820	DEL	48
821	DEL	48
822	DEL	48
823	DEL	48
824	DEL	48
825	DEL	48
826	DEL	48
827	DEL	48
828	DEL	48
829	DEL	48
830	DEL	48
831	DEL	48
832	DEL	48
833	DEL	48
834	DEL	48
835	DEL	48
836	DEL	48
837	DEL	48
838	DEL	48
839	DEL	48
840	DEL	48
841	DEL	48
842	DEL	48
843	DEL	48
844	DEL	48
845	DEL	48
846	DEL	48
847	DEL	48
848	DEL	48
849	DEL	48
850	DEL	48
851	DEL	48
852	DEL	48
853	DEL	48
854	DEL	48
855	DEL	48
856	DEL	49
857	DEL	49
858	DEL	49
859	DEL	49
860	DEL	49
861	DEL	49
862	DEL	49
863	DEL	49
864	DEL	49
865	DEL	49
866	DEL	49
867	DEL	49
868	DEL	49
869	DEL	49
870	DEL	49
871	DEL	49
872	DEL	49
873	DEL	49
874	DEL	49
875	DEL	49
876	DEL	49
877	DEL	49
878	DEL	49
879	DEL	49
880	DEL	49
881	DEL	49
882	DEL	49
883	DEL	49
884	DEL	49
885	DEL	49
886	DEL	49
887	DEL	49
888	DEL	49
889	DEL	49
890	DEL	49
891	DEL	49
892	DEL	49
893	DEL	49
894	DEL	49
895	DEL	49
896	DEL	49
897	DEL	49
898	DEL	49
899	DEL	49
900	DEL	49
901	DEL	49
902	DEL	49
903	DEL	49
904	DEL	49
905	DEL	49
906	DEL	49
907	DEL	49
908	DEL	49
909	DEL	49
910	DEL	49
911	DEL	49
912	DEL	49
913	DEL	49
914	DEL	49
915	DEL	49
916	DEL	49
917	DEL	49
918	DEL	49
919	DEL	49
920	DEL	49
921	DEL	49
922	DEL	49
923	DEL	50
924	DEL	50
925	DEL	50
926	DEL	50
927	DEL	50
928	DEL	50
929	DEL	50
930	DEL	50
931	DEL	50
932	DEL	50
933	DEL	50
934	DEL	50
935	DEL	50
936	DEL	50
937	DEL	50
938	DEL	50
939	DEL	50
940	DEL	50
941	DEL	50
942	DEL	50
943	DEL	50
944	DEL	50
945	DEL	50
946	DEL	50
947	DEL	50
948	DEL	50
949	DEL	50
950	DEL	50
951	DEL	50
952	DEL	50
953	DEL	50
954	DEL	50
955	DEL	50
956	DEL	50
957	DEL	50
958	DEL	50
959	DEL	50
960	DEL	50
961	DEL	50
962	DEL	50
963	DEL	50
964	DEL	50
965	DEL	50
966	DEL	50
967	DEL	50
968	DEL	50
969	DEL	50
970	DEL	50
971	DEL	50
972	DEL	50
973	DEL	50
974	DEL	50
975	DEL	50
976	DEL	50
977	DEL	50
978	DEL	50
979	DEL	50
980	DEL	50
981	DEL	50
982	DEL	50
983	DEL	50
984	DEL	50
985	DEL	50
986	DEL	50
987	DEL	50
988	DEL	50
989	DEL	50
990	DEL	50
991	DEL	50
992	DEL	51
993	DEL	51
994	DEL	51
995	DEL	51
996	DEL	51
997	DEL	51
998	DEL	51
999	DEL	51
1000	DEL	51
1001	DEL	51
1002	DEL	51
1003	DEL	51
1004	DEL	51
1005	DEL	51
1006	DEL	51
1007	DEL	51
1008	DEL	51
1009	DEL	51
1010	DEL	51
1011	DEL	51
1012	DEL	51
1013	DEL	51
1014	DEL	51
1015	DEL	51
1016	DEL	51
1017	DEL	51
1018	DEL	51
1019	DEL	51
1020	DEL	51
1021	DEL	51
1022	DEL	51
1023	DEL	51
1024	DEL	51
1025	DEL	51
1026	DEL	51
1027	DEL	51
1028	DEL	51
1029	DEL	51
1030	DEL	51
1031	DEL	51
1032	DEL	51
1033	DEL	51
1034	DEL	51
1035	DEL	51
1036	DEL	51
1037	DEL	51
1038	DEL	51
1039	DEL	51
1040	DEL	51
1041	DEL	51
1042	DEL	51
1043	DEL	51
1044	DEL	51
1045	DEL	51
1046	DEL	51
1047	DEL	51
1048	DEL	51
1049	DEL	51
1050	DEL	51
1051	DEL	51
1052	DEL	51
1053	DEL	51
1054	DEL	51
1055	DEL	51
1056	DEL	52
1057	DEL	52
1058	DEL	52
1059	DEL	52
1060	DEL	52
1061	DEL	52
1062	DEL	52
1063	DEL	52
1064	DEL	52
1065	DEL	52
1066	DEL	52
1067	DEL	52
1068	DEL	52
1069	DEL	52
1070	DEL	52
1071	DEL	52
1072	DEL	52
1073	DEL	52
1074	DEL	52
1075	DEL	52
1076	DEL	52
1077	DEL	52
1078	DEL	52
1079	DEL	52
1080	DEL	52
1081	DEL	52
1082	DEL	52
1083	DEL	52
1084	DEL	52
1085	DEL	52
1086	DEL	52
1087	DEL	52
1088	DEL	52
1089	DEL	52
1090	DEL	52
1091	DEL	52
1092	DEL	52
1093	DEL	52
1094	DEL	52
1095	DEL	52
1096	DEL	52
1097	DEL	52
1098	DEL	52
1099	DEL	52
1100	DEL	52
1101	DEL	52
1102	DEL	52
1103	DEL	52
1104	DEL	52
1105	DEL	52
1106	DEL	52
1107	DEL	52
1108	DEL	52
1109	DEL	52
1110	DEL	52
1111	DEL	52
1112	DEL	52
1113	DEL	52
1114	DEL	52
1115	DEL	52
1116	DEL	52
1117	DEL	52
1118	DEL	52
1119	DEL	52
1120	DEL	52
1121	DEL	52
1122	DEL	52
1123	DEL	52
1124	DEL	53
1125	DEL	53
1126	DEL	53
1127	DEL	53
1128	DEL	53
1129	DEL	53
1130	DEL	53
1131	DEL	53
1132	DEL	53
1133	DEL	53
1134	DEL	53
1135	DEL	53
1136	DEL	53
1137	DEL	53
1138	DEL	53
1139	DEL	53
1140	DEL	53
1141	DEL	53
1142	DEL	53
1143	DEL	53
1144	DEL	53
1145	DEL	53
1146	DEL	53
1147	DEL	53
1148	DEL	53
1149	DEL	53
1150	DEL	53
1151	DEL	53
1152	DEL	53
1153	DEL	53
1154	DEL	53
1155	DEL	53
1156	DEL	53
1157	DEL	53
1158	DEL	53
1159	DEL	53
1160	DEL	53
1161	DEL	53
1162	DEL	53
1163	DEL	53
1164	DEL	53
1165	DEL	53
1166	DEL	53
1167	DEL	53
1168	DEL	53
1169	DEL	53
1170	DEL	53
1171	DEL	53
1172	DEL	53
1173	DEL	53
1174	DEL	53
1175	DEL	53
1176	DEL	53
1177	DEL	53
1178	DEL	53
1179	DEL	53
1180	DEL	53
1181	DEL	54
1182	DEL	54
1183	DEL	54
1184	DEL	54
1185	DEL	54
1186	DEL	54
1187	DEL	54
1188	DEL	54
1189	DEL	54
1190	DEL	54
1191	DEL	54
1192	DEL	54
1193	DEL	54
1194	DEL	54
1195	DEL	54
1196	DEL	54
1197	DEL	54
1198	DEL	54
1199	DEL	54
1200	DEL	54
1201	DEL	54
1202	DEL	54
1203	DEL	54
1204	DEL	54
1205	DEL	54
1206	DEL	54
1207	DEL	54
1208	DEL	54
1209	DEL	54
1210	DEL	54
1211	DEL	54
1212	DEL	54
1213	DEL	54
1214	DEL	54
1215	DEL	54
1216	DEL	54
1217	DEL	54
1218	DEL	54
1219	DEL	54
1220	DEL	54
1221	DEL	54
1222	DEL	54
1223	DEL	54
1224	DEL	54
1225	DEL	54
1226	DEL	54
1227	DEL	54
1228	DEL	54
1229	DEL	54
1230	DEL	54
1231	DEL	54
1232	DEL	54
1233	DEL	54
1234	DEL	54
1235	DEL	54
1236	DEL	55
1237	DEL	55
1238	DEL	55
1239	DEL	55
1240	DEL	55
1241	DEL	55
1242	DEL	55
1243	DEL	55
1244	DEL	55
1245	DEL	55
1246	DEL	55
1247	DEL	55
1248	DEL	55
1249	DEL	55
1250	DEL	55
1251	DEL	55
1252	DEL	55
1253	DEL	55
1254	DEL	55
1255	DEL	55
1256	DEL	55
1257	DEL	55
1258	DEL	55
1259	DEL	55
1260	DEL	55
1261	DEL	55
1262	DEL	55
1263	DEL	55
1264	DEL	55
1265	DEL	55
1266	DEL	55
1267	DEL	55
1268	DEL	55
1269	DEL	55
1270	DEL	55
1271	DEL	55
1272	DEL	55
1273	DEL	55
1274	DEL	55
1275	DEL	55
1276	DEL	55
1277	DEL	56
1278	DEL	56
1279	DEL	56
1280	DEL	56
1281	DEL	56
1282	DEL	56
1283	DEL	56
1284	DEL	56
1285	DEL	56
1286	DEL	56
1287	DEL	56
1288	DEL	56
1289	DEL	56
1290	DEL	56
1291	DEL	56
1292	DEL	56
1293	DEL	56
1294	DEL	56
1295	DEL	56
1296	DEL	56
1297	DEL	56
1298	DEL	56
1299	DEL	56
1300	DEL	56
1301	DEL	56
1302	DEL	56
1303	DEL	56
1304	DEL	56
1305	DEL	56
1306	DEL	56
1307	DEL	56
1308	DEL	57
1309	DEL	57
1310	DEL	57
1311	DEL	57
1312	DEL	57
1313	DEL	57
1314	DEL	57
1315	DEL	57
1316	DEL	57
1317	DEL	57
1318	DEL	57
1319	DEL	57
1320	DEL	57
1321	DEL	57
1322	DEL	57
1323	DEL	57
1324	DEL	57
1325	DEL	57
1326	DEL	57
1327	DEL	57
1328	DEL	57
1329	DEL	57
1330	DEL	57
1331	DEL	57
1332	DEL	57
1333	DEL	57
1334	DEL	57
1335	DEL	57
1336	DEL	57
1337	DEL	57
1338	DEL	57
1339	DEL	57
1340	DEL	57
1341	DEL	57
1342	DEL	57
1343	DEL	57
1344	DEL	58
1345	DEL	58
1346	DEL	58
1347	DEL	58
1348	DEL	58
1349	DEL	58
1350	DEL	58
1351	DEL	58
1352	DEL	58
1353	DEL	58
1354	DEL	58
1355	DEL	58
1356	DEL	58
1357	DEL	58
1358	DEL	58
1359	DEL	58
1360	DEL	58
1361	DEL	58
1362	DEL	58
1363	DEL	59
1364	DEL	59
1365	DEL	59
1366	DEL	59
1367	DEL	59
1368	DEL	59
1369	DEL	59
1370	DEL	59
1371	DEL	59
1372	DEL	59
1373	DEL	59
1374	DEL	59
1375	DEL	59
1376	DEL	60
1377	DEL	60
1378	DEL	60
1379	DEL	60
1380	DEL	60
1381	DEL	60
1382	DEL	60
1383	DEL	60
1384	DEL	60
1385	DEL	60
1386	DEL	61
1387	DEL	61
1388	DEL	61
1389	DEL	61
1390	DEL	61
1391	DEL	61
1392	DEL	61
1393	DEL	61
1394	DEL	61
1395	DEL	61
1396	DEL	62
1397	DEL	62
1398	DEL	62
1399	DEL	62
1400	DEL	62
1401	DEL	62
1402	DEL	62
1403	DEL	62
1404	DEL	62
1405	DEL	63
1406	DEL	63
1407	DEL	63
1408	DEL	63
1409	DEL	63
1410	DEL	64
1411	DEL	64
1412	DEL	64
1413	DEL	64
1414	DEL	64
1415	DEL	65
1416	DEL	65
1417	DEL	65
1418	DEL	65
1419	DEL	65
1420	DEL	65
1421	DEL	66
1422	DEL	66
1423	DEL	66
1424	DEL	68
1425	DEL	70
1426	DEL	71
1427	DEL	76
1428	DUP	43
1429	DUP	43
1430	DUP	45
1431	DUP	45
1432	DUP	46
1433	DUP	47
1434	DUP	48
1435	DUP	49
1436	DUP	49
1437	DUP	49
1438	DUP	49
1439	DUP	49
1440	DUP	50
1441	DUP	50
1442	DUP	50
1443	DUP	51
1444	DUP	51
1445	DUP	51
1446	DUP	51
1447	DUP	52
1448	DUP	52
1449	DUP	52
1450	DUP	52
1451	DUP	52
1452	DUP	52
1453	DUP	53
1454	DUP	53
1455	DUP	53
1456	DUP	53
1457	DUP	53
1458	DUP	53
1459	DUP	54
1460	DUP	54
1461	DUP	54
1462	DUP	54
1463	DUP	54
1464	DUP	54
1465	DUP	54
1466	DUP	54
1467	DUP	54
1468	DUP	54
1469	DUP	54
1470	DUP	55
1471	DUP	55
1472	DUP	55
1473	DUP	55
1474	DUP	55
1475	DUP	55
1476	DUP	55
1477	DUP	55
1478	DUP	55
1479	DUP	55
1480	DUP	55
1481	DUP	55
1482	DUP	55
1483	DUP	55
1484	DUP	55
1485	DUP	55
1486	DUP	55
1487	DUP	55
1488	DUP	55
1489	DUP	56
1490	DUP	56
1491	DUP	56
1492	DUP	56
1493	DUP	56
1494	DUP	56
1495	DUP	56
1496	DUP	56
1497	DUP	56
1498	DUP	56
1499	DUP	56
1500	DUP	56
1501	DUP	56
1502	DUP	56
1503	DUP	56
1504	DUP	56
1505	DUP	56
1506	DUP	56
1507	DUP	56
1508	DUP	56
1509	DUP	56
1510	DUP	56
1511	DUP	57
1512	DUP	57
1513	DUP	57
1514	DUP	57
1515	DUP	57
1516	DUP	57
1517	DUP	57
1518	DUP	57
1519	DUP	57
1520	DUP	57
1521	DUP	57
1522	DUP	57
1523	DUP	57
1524	DUP	57
1525	DUP	57
1526	DUP	57
1527	DUP	57
1528	DUP	57
1529	DUP	57
1530	DUP	57
1531	DUP	57
1532	DUP	57
1533	DUP	57
1534	DUP	57
1535	DUP	58
1536	DUP	58
1537	DUP	58
1538	DUP	58
1539	DUP	58
1540	DUP	58
1541	DUP	58
1542	DUP	58
1543	DUP	58
1544	DUP	58
1545	DUP	58
1546	DUP	58
1547	DUP	58
1548	DUP	58
1549	DUP	58
1550	DUP	58
1551	DUP	58
1552	DUP	58
1553	DUP	58
1554	DUP	59
1555	DUP	59
1556	DUP	59
1557	DUP	59
1558	DUP	59
1559	DUP	59
1560	DUP	59
1561	DUP	59
1562	DUP	59
1563	DUP	59
1564	DUP	59
1565	DUP	59
1566	DUP	59
1567	DUP	59
1568	DUP	59
1569	DUP	59
1570	DUP	59
1571	DUP	59
1572	DUP	59
1573	DUP	59
1574	DUP	59
1575	DUP	59
1576	DUP	59
1577	DUP	60
1578	DUP	60
1579	DUP	60
1580	DUP	60
1581	DUP	60
1582	DUP	60
1583	DUP	60
1584	DUP	60
1585	DUP	60
1586	DUP	60
1587	DUP	60
1588	DUP	60
1589	DUP	60
1590	DUP	60
1591	DUP	60
1592	DUP	60
1593	DUP	60
1594	DUP	60
1595	DUP	60
1596	DUP	60
1597	DUP	60
1598	DUP	60
1599	DUP	60
1600	DUP	60
1601	DUP	60
1602	DUP	60
1603	DUP	60
1604	DUP	61
1605	DUP	61
1606	DUP	61
1607	DUP	61
1608	DUP	61
1609	DUP	61
1610	DUP	61
1611	DUP	61
1612	DUP	61
1613	DUP	61
1614	DUP	61
1615	DUP	61
1616	DUP	61
1617	DUP	61
1618	DUP	61
1619	DUP	61
1620	DUP	61
1621	DUP	61
1622	DUP	61
1623	DUP	61
1624	DUP	61
1625	DUP	61
1626	DUP	61
1627	DUP	61
1628	DUP	61
1629	DUP	61
1630	DUP	61
1631	DUP	61
1632	DUP	61
1633	DUP	62
1634	DUP	62
1635	DUP	62
1636	DUP	62
1637	DUP	62
1638	DUP	62
1639	DUP	62
1640	DUP	62
1641	DUP	62
1642	DUP	62
1643	DUP	62
1644	DUP	62
1645	DUP	62
1646	DUP	62
1647	DUP	62
1648	DUP	62
1649	DUP	62
1650	DUP	62
1651	DUP	62
1652	DUP	62
1653	DUP	62
1654	DUP	62
1655	DUP	62
1656	DUP	62
1657	DUP	62
1658	DUP	62
1659	DUP	62
1660	DUP	62
1661	DUP	62
1662	DUP	62
1663	DUP	62
1664	DUP	62
1665	DUP	62
1666	DUP	62
1667	DUP	62
1668	DUP	63
1669	DUP	63
1670	DUP	63
1671	DUP	63
1672	DUP	63
1673	DUP	63
1674	DUP	63
1675	DUP	63
1676	DUP	63
1677	DUP	63
1678	DUP	63
1679	DUP	63
1680	DUP	63
1681	DUP	63
1682	DUP	63
1683	DUP	63
1684	DUP	63
1685	DUP	63
1686	DUP	63
1687	DUP	63
1688	DUP	63
1689	DUP	63
1690	DUP	63
1691	DUP	63
1692	DUP	63
1693	DUP	63
1694	DUP	63
1695	DUP	63
1696	DUP	63
1697	DUP	63
1698	DUP	63
1699	DUP	63
1700	DUP	63
1701	DUP	63
1702	DUP	63
1703	DUP	63
1704	DUP	63
1705	DUP	63
1706	DUP	63
1707	DUP	63
1708	DUP	63
1709	DUP	64
1710	DUP	64
1711	DUP	64
1712	DUP	64
1713	DUP	64
1714	DUP	64
1715	DUP	64
1716	DUP	64
1717	DUP	64
1718	DUP	64
1719	DUP	64
1720	DUP	64
1721	DUP	64
1722	DUP	64
1723	DUP	64
1724	DUP	64
1725	DUP	64
1726	DUP	64
1727	DUP	64
1728	DUP	64
1729	DUP	64
1730	DUP	64
1731	DUP	64
1732	DUP	64
1733	DUP	64
1734	DUP	64
1735	DUP	64
1736	DUP	64
1737	DUP	64
1738	DUP	64
1739	DUP	64
1740	DUP	64
1741	DUP	64
1742	DUP	64
1743	DUP	64
1744	DUP	64
1745	DUP	64
1746	DUP	64
1747	DUP	64
1748	DUP	64
1749	DUP	64
1750	DUP	64
1751	DUP	64
1752	DUP	64
1753	DUP	64
1754	DUP	64
1755	DUP	64
1756	DUP	64
1757	DUP	64
1758	DUP	64
1759	DUP	64
1760	DUP	64
1761	DUP	65
1762	DUP	65
1763	DUP	65
1764	DUP	65
1765	DUP	65
1766	DUP	65
1767	DUP	65
1768	DUP	65
1769	DUP	65
1770	DUP	65
1771	DUP	65
1772	DUP	65
1773	DUP	65
1774	DUP	65
1775	DUP	65
1776	DUP	65
1777	DUP	65
1778	DUP	65
1779	DUP	65
1780	DUP	65
1781	DUP	65
1782	DUP	65
1783	DUP	65
1784	DUP	65
1785	DUP	65
1786	DUP	65
1787	DUP	65
1788	DUP	65
1789	DUP	65
1790	DUP	65
1791	DUP	65
1792	DUP	65
1793	DUP	65
1794	DUP	65
1795	DUP	65
1796	DUP	65
1797	DUP	65
1798	DUP	65
1799	DUP	65
1800	DUP	65
1801	DUP	65
1802	DUP	65
1803	DUP	65
1804	DUP	65
1805	DUP	65
1806	DUP	65
1807	DUP	65
1808	DUP	65
1809	DUP	65
1810	DUP	66
1811	DUP	66
1812	DUP	66
1813	DUP	66
1814	DUP	66
1815	DUP	66
1816	DUP	66
1817	DUP	66
1818	DUP	66
1819	DUP	66
1820	DUP	66
1821	DUP	66
1822	DUP	66
1823	DUP	66
1824	DUP	66
1825	DUP	66
1826	DUP	66
1827	DUP	66
1828	DUP	66
1829	DUP	66
1830	DUP	66
1831	DUP	66
1832	DUP	66
1833	DUP	66
1834	DUP	66
1835	DUP	66
1836	DUP	66
1837	DUP	66
1838	DUP	66
1839	DUP	66
1840	DUP	66
1841	DUP	66
1842	DUP	66
1843	DUP	66
1844	DUP	66
1845	DUP	66
1846	DUP	66
1847	DUP	66
1848	DUP	66
1849	DUP	66
1850	DUP	66
1851	DUP	67
1852	DUP	67
1853	DUP	67
1854	DUP	67
1855	DUP	67
1856	DUP	67
1857	DUP	67
1858	DUP	67
1859	DUP	67
1860	DUP	67
1861	DUP	67
1862	DUP	67
1863	DUP	67
1864	DUP	67
1865	DUP	67
1866	DUP	67
1867	DUP	67
1868	DUP	67
1869	DUP	67
1870	DUP	67
1871	DUP	67
1872	DUP	67
1873	DUP	67
1874	DUP	67
1875	DUP	67
1876	DUP	67
1877	DUP	67
1878	DUP	67
1879	DUP	67
1880	DUP	67
1881	DUP	67
1882	DUP	67
1883	DUP	67
1884	DUP	67
1885	DUP	67
1886	DUP	67
1887	DUP	67
1888	DUP	67
1889	DUP	67
1890	DUP	67
1891	DUP	67
1892	DUP	67
1893	DUP	67
1894	DUP	67
1895	DUP	67
1896	DUP	67
1897	DUP	67
1898	DUP	67
1899	DUP	67
1900	DUP	67
1901	DUP	67
1902	DUP	67
1903	DUP	67
1904	DUP	67
1905	DUP	67
1906	DUP	68
1907	DUP	68
1908	DUP	68
1909	DUP	68
1910	DUP	68
1911	DUP	68
1912	DUP	68
1913	DUP	68
1914	DUP	68
1915	DUP	68
1916	DUP	68
1917	DUP	68
1918	DUP	68
1919	DUP	68
1920	DUP	68
1921	DUP	68
1922	DUP	68
1923	DUP	68
1924	DUP	68
1925	DUP	68
1926	DUP	68
1927	DUP	68
1928	DUP	68
1929	DUP	68
1930	DUP	68
1931	DUP	68
1932	DUP	68
1933	DUP	68
1934	DUP	68
1935	DUP	68
1936	DUP	68
1937	DUP	68
1938	DUP	68
1939	DUP	68
1940	DUP	68
1941	DUP	68
1942	DUP	68
1943	DUP	68
1944	DUP	68
1945	DUP	68
1946	DUP	68
1947	DUP	68
1948	DUP	68
1949	DUP	68
1950	DUP	68
1951	DUP	68
1952	DUP	69
1953	DUP	69
1954	DUP	69
1955	DUP	69
1956	DUP	69
1957	DUP	69
1958	DUP	69
1959	DUP	69
1960	DUP	69
1961	DUP	69
1962	DUP	69
1963	DUP	69
1964	DUP	69
1965	DUP	69
1966	DUP	69
1967	DUP	69
1968	DUP	69
1969	DUP	69
1970	DUP	69
1971	DUP	69
1972	DUP	69
1973	DUP	69
1974	DUP	69
1975	DUP	69
1976	DUP	69
1977	DUP	69
1978	DUP	69
1979	DUP	69
1980	DUP	69
1981	DUP	69
1982	DUP	69
1983	DUP	69
1984	DUP	69
1985	DUP	69
1986	DUP	69
1987	DUP	69
1988	DUP	69
1989	DUP	69
1990	DUP	69
1991	DUP	69
1992	DUP	69
1993	DUP	69
1994	DUP	69
1995	DUP	69
1996	DUP	69
1997	DUP	69
1998	DUP	69
1999	DUP	69
2000	DUP	69
2001	DUP	70
2002	DUP	70
2003	DUP	70
2004	DUP	70
2005	DUP	70
2006	DUP	70
2007	DUP	70
2008	DUP	70
2009	DUP	70
2010	DUP	70
2011	DUP	70
2012	DUP	70
2013	DUP	70
2014	DUP	70
2015	DUP	70
2016	DUP	70
2017	DUP	70
2018	DUP	70
2019	DUP	70
2020	DUP	70
2021	DUP	70
2022	DUP	70
2023	DUP	70
2024	DUP	70
2025	DUP	70
2026	DUP	70
2027	DUP	70
2028	DUP	70
2029	DUP	70
2030	DUP	70
2031	DUP	70
2032	DUP	70
2033	DUP	70
2034	DUP	70
2035	DUP	70
2036	DUP	70
2037	DUP	70
2038	DUP	70
2039	DUP	70
2040	DUP	70
2041	DUP	70
2042	DUP	70
2043	DUP	70
2044	DUP	70
2045	DUP	70
2046	DUP	70
2047	DUP	70
2048	DUP	70
2049	DUP	70
2050	DUP	70
2051	DUP	70
2052	DUP	70
2053	DUP	70
2054	DUP	70
2055	DUP	70
2056	DUP	70
2057	DUP	70
2058	DUP	70
2059	DUP	70
2060	DUP	70
2061	DUP	70
2062	DUP	70
2063	DUP	70
2064	DUP	70
2065	DUP	70
2066	DUP	70
2067	DUP	70
2068	DUP	70
2069	DUP	71
2070	DUP	71
2071	DUP	71
2072	DUP	71
2073	DUP	71
2074	DUP	71
2075	DUP	71
2076	DUP	71
2077	DUP	71
2078	DUP	71
2079	DUP	71
2080	DUP	71
2081	DUP	71
2082	DUP	71
2083	DUP	71
2084	DUP	71
2085	DUP	71
2086	DUP	71
2087	DUP	71
2088	DUP	71
2089	DUP	71
2090	DUP	71
2091	DUP	71
2092	DUP	71
2093	DUP	71
2094	DUP	71
2095	DUP	71
2096	DUP	71
2097	DUP	71
2098	DUP	71
2099	DUP	71
2100	DUP	71
2101	DUP	71
2102	DUP	71
2103	DUP	71
2104	DUP	71
2105	DUP	71
2106	DUP	71
2107	DUP	71
2108	DUP	71
2109	DUP	71
2110	DUP	71
2111	DUP	71
2112	DUP	71
2113	DUP	71
2114	DUP	71
2115	DUP	71
2116	DUP	71
2117	DUP	71
2118	DUP	71
2119	DUP	71
2120	DUP	71
2121	DUP	71
2122	DUP	71
2123	DUP	71
2124	DUP	71
2125	DUP	72
2126	DUP	72
2127	DUP	72
2128	DUP	72
2129	DUP	72
2130	DUP	72
2131	DUP	72
2132	DUP	72
2133	DUP	72
2134	DUP	72
2135	DUP	72
2136	DUP	72
2137	DUP	72
2138	DUP	72
2139	DUP	72
2140	DUP	72
2141	DUP	72
2142	DUP	72
2143	DUP	72
2144	DUP	72
2145	DUP	72
2146	DUP	72
2147	DUP	72
2148	DUP	72
2149	DUP	72
2150	DUP	72
2151	DUP	72
2152	DUP	72
2153	DUP	72
2154	DUP	72
2155	DUP	72
2156	DUP	72
2157	DUP	72
2158	DUP	72
2159	DUP	72
2160	DUP	72
2161	DUP	72
2162	DUP	72
2163	DUP	72
2164	DUP	72
2165	DUP	72
2166	DUP	72
2167	DUP	72
2168	DUP	72
2169	DUP	72
2170	DUP	72
2171	DUP	72
2172	DUP	72
2173	DUP	72
2174	DUP	72
2175	DUP	72
2176	DUP	72
2177	DUP	72
2178	DUP	72
2179	DUP	72
2180	DUP	72
2181	DUP	72
2182	DUP	73
2183	DUP	73
2184	DUP	73
2185	DUP	73
2186	DUP	73
2187	DUP	73
2188	DUP	73
2189	DUP	73
2190	DUP	73
2191	DUP	73
2192	DUP	73
2193	DUP	73
2194	DUP	73
2195	DUP	73
2196	DUP	73
2197	DUP	73
2198	DUP	73
2199	DUP	73
2200	DUP	73
2201	DUP	73
2202	DUP	73
2203	DUP	73
2204	DUP	73
2205	DUP	73
2206	DUP	73
2207	DUP	73
2208	DUP	73
2209	DUP	73
2210	DUP	73
2211	DUP	73
2212	DUP	73
2213	DUP	73
2214	DUP	73
2215	DUP	73
2216	DUP	73
2217	DUP	73
2218	DUP	73
2219	DUP	73
2220	DUP	73
2221	DUP	73
2222	DUP	73
2223	DUP	73
2224	DUP	73
2225	DUP	73
2226	DUP	73
2227	DUP	73
2228	DUP	73
2229	DUP	73
2230	DUP	73
2231	DUP	73
2232	DUP	73
2233	DUP	73
2234	DUP	73
2235	DUP	73
2236	DUP	74
2237	DUP	74
2238	DUP	74
2239	DUP	74
2240	DUP	74
2241	DUP	74
2242	DUP	74
2243	DUP	74
2244	DUP	74
2245	DUP	74
2246	DUP	74
2247	DUP	74
2248	DUP	74
2249	DUP	74
2250	DUP	74
2251	DUP	74
2252	DUP	74
2253	DUP	74
2254	DUP	74
2255	DUP	74
2256	DUP	74
2257	DUP	74
2258	DUP	74
2259	DUP	74
2260	DUP	74
2261	DUP	74
2262	DUP	74
2263	DUP	74
2264	DUP	74
2265	DUP	74
2266	DUP	74
2267	DUP	74
2268	DUP	74
2269	DUP	74
2270	DUP	74
2271	DUP	74
2272	DUP	74
2273	DUP	74
2274	DUP	74
2275	DUP	74
2276	DUP	74
2277	DUP	74
2278	DUP	74
2279	DUP	74
2280	DUP	74
2281	DUP	74
2282	DUP	74
2283	DUP	74
2284	DUP	74
2285	DUP	74
2286	DUP	74
2287	DUP	74
2288	DUP	75
2289	DUP	75
2290	DUP	75
2291	DUP	75
2292	DUP	75
2293	DUP	75
2294	DUP	75
2295	DUP	75
2296	DUP	75
2297	DUP	75
2298	DUP	75
2299	DUP	75
2300	DUP	75
2301	DUP	75
2302	DUP	75
2303	DUP	75
2304	DUP	75
2305	DUP	75
2306	DUP	75
2307	DUP	75
2308	DUP	75
2309	DUP	75
2310	DUP	75
2311	DUP	75
2312	DUP	75
2313	DUP	75
2314	DUP	75
2315	DUP	75
2316	DUP	75
2317	DUP	75
2318	DUP	75
2319	DUP	75
2320	DUP	75
2321	DUP	75
2322	DUP	75
2323	DUP	75
2324	DUP	75
2325	DUP	75
2326	DUP	75
2327	DUP	75
2328	DUP	75
2329	DUP	75
2330	DUP	75
2331	DUP	75
2332	DUP	75
2333	DUP	75
2334	DUP	75
2335	DUP	75
2336	DUP	75
2337	DUP	75
2338	DUP	75
2339	DUP	75
2340	DUP	75
2341	DUP	75
2342	DUP	75
2343	DUP	75
2344	DUP	75
2345	DUP	75
2346	DUP	75
2347	DUP	75
2348	DUP	75
2349	DUP	75
2350	DUP	75
2351	DUP	75
2352	DUP	75
2353	DUP	75
2354	DUP	75
2355	DUP	76
2356	DUP	76
2357	DUP	76
2358	DUP	76
2359	DUP	76
2360	DUP	76
2361	DUP	76
2362	DUP	76
2363	DUP	76
2364	DUP	76
2365	DUP	76
2366	DUP	76
2367	DUP	76
2368	DUP	76
2369	DUP	76
2370	DUP	76
2371	DUP	76
2372	DUP	76
2373	DUP	76
2374	DUP	76
2375	DUP	76
2376	DUP	76
2377	DUP	76
2378	DUP	76
2379	DUP	76
2380	DUP	76
2381	DUP	76
2382	DUP	76
2383	DUP	76
2384	DUP	76
2385	DUP	76
2386	DUP	76
2387	DUP	76
2388	DUP	76
2389	DUP	76
2390	DUP	76
2391	DUP	76
2392	DUP	76
2393	DUP	76
2394	DUP	76
2395	DUP	76
2396	DUP	76
2397	DUP	76
2398	DUP	76
2399	DUP	76
2400	DUP	76
2401	DUP	76
2402	DUP	76
2403	DUP	76
2404	DUP	76
2405	DUP	76
2406	DUP	77
2407	DUP	77
2408	DUP	77
2409	DUP	77
2410	DUP	77
2411	DUP	77
2412	DUP	77
2413	DUP	77
2414	DUP	77
2415	DUP	77
2416	DUP	77
2417	DUP	77
2418	DUP	77
2419	DUP	77
2420	DUP	77
2421	DUP	77
2422	DUP	77
2423	DUP	77
2424	DUP	77
2425	DUP	77
2426	DUP	77
2427	DUP	77
2428	DUP	77
2429	DUP	77
2430	DUP	77
2431	DUP	77
2432	DUP	77
2433	DUP	77
2434	DUP	77
2435	DUP	77
2436	DUP	77
2437	DUP	77
2438	DUP	77
2439	DUP	77
2440	DUP	77
2441	DUP	77
2442	DUP	77
2443	DUP	77
2444	DUP	77
2445	DUP	77
2446	DUP	77
2447	DUP	77
2448	DUP	77
2449	DUP	77
2450	DUP	77
2451	DUP	77
2452	DUP	77
2453	DUP	77
2454	DUP	77
2455	DUP	77
2456	DUP	77
2457	DUP	77
2458	DUP	77
2459	DUP	77
2460	DUP	78
2461	DUP	78
2462	DUP	78
2463	DUP	78
2464	DUP	78
2465	DUP	78
2466	DUP	78
2467	DUP	78
2468	DUP	78
2469	DUP	78
2470	DUP	78
2471	DUP	78
2472	DUP	78
2473	DUP	78
2474	DUP	78
2475	DUP	78
2476	DUP	78
2477	DUP	78
2478	DUP	78
2479	DUP	78
2480	DUP	78
2481	DUP	78
2482	DUP	78
2483	DUP	78
2484	DUP	78
2485	DUP	78
2486	DUP	78
2487	DUP	78
2488	DUP	78
2489	DUP	78
2490	DUP	78
2491	DUP	78
2492	DUP	78
2493	DUP	78
2494	DUP	78
2495	DUP	78
2496	DUP	78
2497	DUP	78
2498	DUP	78
2499	DUP	78
2500	DUP	78
2501	DUP	78
2502	DUP	78
2503	DUP	78
2504	DUP	78
2505	DUP	78
2506	DUP	78
2507	DUP	78
2508	DUP	79
2509	DUP	79
2510	DUP	79
2511	DUP	79
2512	DUP	79
2513	DUP	79
2514	DUP	79
2515	DUP	79
2516	DUP	79
2517	DUP	79
2518	DUP	79
2519	DUP	79
2520	DUP	79
2521	DUP	79
2522	DUP	79
2523	DUP	79
2524	DUP	79
2525	DUP	79
2526	DUP	79
2527	DUP	79
2528	DUP	79
2529	DUP	79
2530	DUP	79
2531	DUP	79
2532	DUP	79
2533	DUP	79
2534	DUP	79
2535	DUP	79
2536	DUP	79
2537	DUP	79
2538	DUP	79
2539	DUP	80
2540	DUP	80
2541	DUP	80
2542	DUP	80
2543	DUP	80
2544	DUP	80
2545	DUP	80
2546	DUP	80
2547	DUP	80
2548	DUP	80
2549	DUP	80
2550	DUP	80
2551	DUP	80
2552	DUP	80
2553	DUP	80
2554	DUP	80
2555	DUP	80
2556	DUP	80
2557	DUP	80
2558	DUP	80
2559	DUP	80
2560	DUP	80
2561	DUP	80
2562	DUP	80
2563	DUP	80
2564	DUP	80
2565	DUP	80
2566	DUP	80
2567	DUP	80
2568	DUP	80
2569	DUP	80
2570	DUP	80
2571	DUP	80
2572	DUP	80
2573	DUP	80
2574	DUP	80
2575	DUP	80
2576	DUP	80
2577	DUP	80
2578	DUP	80
2579	DUP	80
2580	DUP	80
2581	DUP	80
2582	DUP	80
2583	DUP	80
2584	DUP	80
2585	DUP	80
2586	DUP	80
2587	DUP	80
2588	DUP	80
2589	DUP	80
2590	DUP	81
2591	DUP	81
2592	DUP	81
2593	DUP	81
2594	DUP	81
2595	DUP	81
2596	DUP	81
2597	DUP	81
2598	DUP	81
2599	DUP	81
2600	DUP	81
2601	DUP	81
2602	DUP	81
2603	DUP	81
2604	DUP	81
2605	DUP	81
2606	DUP	81
2607	DUP	81
2608	DUP	81
2609	DUP	81
2610	DUP	81
2611	DUP	81
2612	DUP	81
2613	DUP	81
2614	DUP	81
2615	DUP	81
2616	DUP	81
2617	DUP	81
2618	DUP	81
2619	DUP	81
2620	DUP	81
2621	DUP	81
2622	DUP	81
2623	DUP	81
2624	DUP	81
2625	DUP	81
2626	DUP	81
2627	DUP	81
2628	DUP	82
2629	DUP	82
2630	DUP	82
2631	DUP	82
2632	DUP	82
2633	DUP	82
2634	DUP	82
2635	DUP	82
2636	DUP	82
2637	DUP	82
2638	DUP	82
2639	DUP	82
2640	DUP	82
2641	DUP	82
2642	DUP	82
2643	DUP	82
2644	DUP	82
2645	DUP	82
2646	DUP	82
2647	DUP	82
2648	DUP	82
2649	DUP	82
2650	DUP	82
2651	DUP	82
2652	DUP	82
2653	DUP	82
2654	DUP	82
2655	DUP	82
2656	DUP	82
2657	DUP	82
2658	DUP	82
2659	DUP	82
2660	DUP	82
2661	DUP	82
2662	DUP	82
2663	DUP	82
2664	DUP	82
2665	DUP	82
2666	DUP	82
2667	DUP	82
2668	DUP	82
2669	DUP	83
2670	DUP	83
2671	DUP	83
2672	DUP	83
2673	DUP	83
2674	DUP	83
2675	DUP	83
2676	DUP	83
2677	DUP	83
2678	DUP	83
2679	DUP	83
2680	DUP	83
2681	DUP	83
2682	DUP	83
2683	DUP	83
2684	DUP	83
2685	DUP	83
2686	DUP	83
2687	DUP	83
2688	DUP	83
2689	DUP	83
2690	DUP	83
2691	DUP	83
2692	DUP	83
2693	DUP	83
2694	DUP	83
2695	DUP	83
2696	DUP	83
2697	DUP	84
2698	DUP	84
2699	DUP	84
2700	DUP	84
2701	DUP	84
2702	DUP	84
2703	DUP	84
2704	DUP	84
2705	DUP	84
2706	DUP	84
2707	DUP	84
2708	DUP	84
2709	DUP	84
2710	DUP	84
2711	DUP	84
2712	DUP	84
2713	DUP	84
2714	DUP	84
2715	DUP	84
2716	DUP	84
2717	DUP	84
2718	DUP	84
2719	DUP	84
2720	DUP	84
2721	DUP	84
2722	DUP	84
2723	DUP	84
2724	DUP	84
2725	DUP	84
2726	DUP	84
2727	DUP	85
2728	DUP	85
2729	DUP	85
2730	DUP	85
2731	DUP	85
2732	DUP	85
2733	DUP	85
2734	DUP	85
2735	DUP	85
2736	DUP	85
2737	DUP	85
2738	DUP	85
2739	DUP	85
2740	DUP	85
2741	DUP	85
2742	DUP	85
2743	DUP	85
2744	DUP	85
2745	DUP	86
2746	DUP	86
2747	DUP	86
2748	DUP	86
2749	DUP	86
2750	DUP	86
2751	DUP	86
2752	DUP	86
2753	DUP	86
2754	DUP	86
2755	DUP	86
2756	DUP	86
2757	DUP	86
2758	DUP	86
2759	DUP	86
2760	DUP	86
2761	DUP	86
2762	DUP	86
2763	DUP	86
2764	DUP	86
2765	DUP	86
2766	DUP	86
2767	DUP	86
2768	DUP	87
2769	DUP	87
2770	DUP	87
2771	DUP	87
2772	DUP	87
2773	DUP	87
2774	DUP	87
2775	DUP	87
2776	DUP	87
2777	DUP	87
2778	DUP	87
2779	DUP	87
2780	DUP	87
2781	DUP	87
2782	DUP	87
2783	DUP	87
2784	DUP	88
2785	DUP	88
2786	DUP	88
2787	DUP	88
2788	DUP	88
2789	DUP	88
2790	DUP	88
2791	DUP	88
2792	DUP	88
2793	DUP	88
2794	DUP	89
2795	DUP	89
2796	DUP	89
2797	DUP	89
2798	DUP	89
2799	DUP	89
2800	DUP	89
2801	DUP	89
2802	DUP	89
2803	DUP	89
2804	DUP	89
2805	DUP	90
2806	DUP	90
2807	DUP	90
2808	DUP	90
2809	DUP	90
2810	DUP	91
2811	DUP	91
2812	DUP	91
2813	DUP	91
2814	DUP	91
2815	DUP	91
2816	DUP	91
2817	DUP	91
2818	DUP	91
2819	DUP	91
2820	DUP	91
2821	DUP	92
2822	DUP	92
2823	DUP	92
2824	DUP	92
2825	DUP	92
2826	DUP	92
2827	DUP	92
2828	DUP	93
2829	DUP	93
2830	DUP	93
2831	DUP	93
2832	DUP	93
2833	DUP	93
2834	DUP	94
2835	DUP	94
2836	DUP	94
2837	DUP	94
2838	DUP	94
2839	DUP	94
2840	DUP	94
2841	DUP	94
2842	DUP	94
2843	DUP	95
2844	DUP	96
2845	DUP	96
2846	DUP	97
2847	DUP	98
2848	DUP	99
2849	DUP	99
2850	DUP	99
2851	DUP	100
2852	DUP	101
2853	DUP	102
2854	DUP	152
