state,afr_ancs,eur_ancs,ami_ancs,region_ori
Nuevo León,0.050318,0.299912,0.645136,north
Nuevo León,0.070888,0.311846,0.601169,north
Nuevo León,0.050349,0.333437,0.609389,north
Tamaulipas,0.019769,0.3282,0.637509,north
Coahuila,0.049739,0.25915,0.682998,north
San Luis Potosí,0.074439,0.381041,0.536043,north
Nuevo León,0.052831,0.251819,0.69533,north
Zacatecas,0.05583,0.296261,0.643829,north
Nuevo León,0.042838,0.297586,0.651748,north
Nuevo León,0.07383,0.415237,0.510913,north
Zacatecas,0.061143,0.367539,0.564159,north
Michoacán,0.036834,0.30292,0.653973,center
Nuevo León,0.042182,0.596805,0.35456,north
Nuevo León,0.029536,0.822898,0.147546,north
Zacatecas,0.035245,0.328062,0.627621,north
San Luis Potosí,0.066204,0.382557,0.528358,north
Nuevo León,0.038725,0.590704,0.367641,north
San Luis Potosí,0.048457,0.418839,0.530034,north
Nuevo León,0.049314,0.331275,0.617758,north
Zacatecas,0.067687,0.259578,0.66693,north
Tamaulipas,0.0745,0.429077,0.484739,north
Nuevo León,0.043063,0.274042,0.673789,north
Nuevo León,0.073488,0.362314,0.564178,north
Coahuila,0.054277,0.346564,0.59342,north
Nuevo León,0.076082,0.295536,0.623805,north
San Luis Potosí,0.045286,0.347085,0.597617,north
Jalisco,0.072542,0.456726,0.470508,center
Nuevo León,0.08555,0.288312,0.621161,north
Tamaulipas,0.08345,0.374126,0.542404,north
Nuevo León,0.037132,0.366009,0.582784,north
Nuevo León,0.057059,0.332778,0.608391,north
Tamaulipas,0.043724,0.448232,0.502617,north
Distrito Federal,0.048154,0.364637,0.571302,center
Morelos,0.060446,0.399012,0.53331,center
Nuevo León,0.044218,0.341233,0.602836,north
Nuevo León,0.05677,0.312099,0.617058,north
Coahuila,0.081432,0.305742,0.603495,north
Nuevo León,0.079451,0.321407,0.585661,north
Nuevo León,0.058846,0.31043,0.617997,north
Nuevo León,0.077694,0.514464,0.405438,north
Nuevo León,0.032361,0.232982,0.730202,north
Nuevo León,0.050685,0.347931,0.595566,north
Coahuila,0.051275,0.244355,0.693592,north
Nuevo León,0.061997,0.388246,0.544414,north
Nuevo León,0.071754,0.33174,0.592308,north
Nuevo León,0.055478,0.355861,0.586294,north
Tamaulipas,0.051814,0.702559,0.237363,north
San Luis Potosí,0.05491,0.458157,0.486912,north
Zacatecas,0.065315,0.457891,0.471733,north
Nuevo León,0.082044,0.245775,0.66516,north
Distrito Federal,0.031031,0.410057,0.55889200000000006,center
Nuevo León,0.065223,0.328011,0.606747,north
Distrito Federal,0.057085,0.419089,0.507368,center
Nuevo León,0.036562,0.442872,0.516733,north
Nuevo León,0.037612,0.435437,0.522842,north
San Luis Potosí,0.045538,0.309038,0.641934,north
San Luis Potosí,0.053343,0.287007,0.659468,north
Nuevo León,0.033659,0.238762,0.719344,north
Nuevo León,0.057295,0.251082,0.683611,north
Durango,0.069349,0.518144,0.398478,north
Nuevo León,0.041287,0.401657,0.550795,north
Nuevo León,0.04164,0.222129,0.733735,north
Nuevo León,0.056684,0.384874,0.551311,north
San Luis Potosí,0.051364,0.420047,0.516544,north
Nuevo León,0.042253,0.327742,0.618915,north
Nuevo León,0.055358,0.555255,0.38882100000000003,north
Nuevo León,0.023319,0.790897,0.185763,north
Nuevo León,0.049082,0.317425,0.633473,north
Tamaulipas,0.056172,0.388506,0.551993,north
Nuevo León,0.015745,0.315118,0.662922,north
Coahuila,0.085113,0.275258,0.631055,north
Nuevo León,0.080681,0.385265,0.525292,north
Tamaulipas,0.038494,0.443594,0.510749,north
Nuevo León,0.038448,0.347914,0.609721,north
Nuevo León,0.032744,0.593029,0.374207,north
Nuevo León,0.058263,0.450926,0.479792,north
Nuevo León,0.072996,0.273003,0.642111,north
Nuevo León,0.036453,0.492841,0.470251,north
Nuevo León,0.062207,0.372034,0.56574,north
Nuevo León,0.056574,0.357627,0.580191,north
Nuevo León,0.075116,0.476839,0.447525,north
Nuevo León,0.051968,0.346232,0.597401,north
Nuevo León,0.046301,0.226713,0.716203,north
Nuevo León,0.052021,0.461995,0.48557,north
Nuevo León,0.062362,0.327773,0.609829,north
Veracruz,0.025824,0.221892,0.739774,center
Nuevo León,0.036252,0.527775,0.435953,north
Nuevo León,0.055591,0.364565,0.579824,north
Zacatecas,0.034335,0.32529,0.628782,north
San Luis Potosí,0.074618,0.285944,0.637765,north
San Luis Potosí,0.020456,0.14681,0.824369,north
San Luis Potosí,0.041534,0.327267,0.631178,north
Nuevo León,0.082121,0.313762,0.596391,north
Coahuila,0.083157,0.277845,0.62337,north
Coahuila,0.062851,0.320637,0.616493,north
Nuevo León,0.051823,0.244261,0.698559,north
Tamaulipas,0.02986,0.307137,0.654734,north
Nuevo León,0.049471,0.355923,0.586584,north
San Luis Potosí,0.05189,0.342636,0.596749,north
Chihuahua,0.074038,0.28551,0.640431,north
Nuevo León,0.050709,0.274449,0.658094,north
México,0.03066,0.392187,0.568066,center
Nuevo León,0.037772,0.344238,0.61797,north
Coahuila,0.068983,0.520245,0.401739,north
Coahuila,0.047394,0.292902,0.653289,north
Tamaulipas,0.070232,0.252217,0.668818,north
Nuevo León,0.035458,0.749619,0.214903,north
Zacatecas,0.060692,0.231455,0.70491,north
Nuevo León,0.074969,0.291702,0.630126,north
Coahuila,0.040342,0.424633,0.535005,north
Zacatecas,0.030826,0.672265,0.295787,north
Nuevo León,0.04321,0.355783,0.596776,north
Nuevo León,0.04518,0.316826,0.632636,north
Coahuila,0.078791,0.322822,0.576219,north
Tamaulipas,0.049069,0.296197,0.648196,north
Nuevo León,0.055777,0.384102,0.548323,north
Zacatecas,0.03118,0.240516,0.715242,north
Nuevo León,0.068052,0.42134,0.508819,north
Tamaulipas,0.05659,0.41521,0.52818,north
Nuevo León,0.035863,0.165237,0.795224,north
Nuevo León,0.032662,0.294118,0.670667,north
Nuevo León,0.050007,0.330825,0.609663,north
San Luis Potosí,0.031836,0.368935,0.596826,north
Nuevo León,0.057013,0.476891,0.464878,north
Nuevo León,0.08459,0.255975,0.653008,north
Nuevo León,0.043467,0.334054,0.622372,north
Nuevo León,0.065344,0.37601,0.547081,north
San Luis Potosí,1e-5,1e-5,0.99996,north
Nuevo León,0.042033,0.45407,0.503877,north
Nuevo León,0.055938,0.347262,0.583384,north
Nuevo León,0.042827,0.328928,0.612263,north
Nuevo León,0.039695,0.245677,0.703616,north
Nuevo León,0.067708,0.278662,0.65361,north
Nuevo León,0.060371,0.323771,0.611871,north
San Luis Potosí,0.023718,0.441246,0.527357,north
Nuevo León,0.025637,0.712003,0.26234,north
Puebla,0.015018,0.17106,0.807959,center
Veracruz,0.16461,0.244226,0.591144,center
San Luis Potosí,0.048784,0.296119,0.655077,north
Nuevo León,0.043527,0.565025,0.391428,north
Tamaulipas,0.032362,0.50139,0.461357,north
Nuevo León,0.042125,0.333489,0.608209,north
Zacatecas,0.035838,0.52579,0.426196,north
Nuevo León,0.065746,0.331584,0.602649,north
Nuevo León,0.037947,0.353527,0.592696,north
Veracruz,0.017629,0.116946,0.85453,center
Nuevo León,0.064113,0.228621,0.691831,north
Nuevo León,0.073284,0.380568,0.530089,north
Zacatecas,0.050656,0.353985,0.591759,north
Nuevo León,0.044426,0.226289,0.717367,north
Guerrero,0.004353,0.131438,0.859075,south
Nuevo León,0.042291,0.387839,0.560058,north
Nuevo León,0.042609,0.389384,0.561677,north
Nuevo León,0.036359,0.48838,0.466627,north
Nuevo León,0.045364,0.503998,0.44661,north
Nuevo León,0.06,0.339852,0.598513,north
Nuevo León,0.048241,0.316935,0.612236,north
Nuevo León,0.045852,0.452052,0.500009,north
Zacatecas,0.06021,0.398246,0.541524,north
Nuevo León,0.031441,0.311375,0.65714,north
Nuevo León,0.109532,0.379616,0.499819,north
México,0.011918,0.146971,0.833088,center
Nuevo León,0.076774,0.355802,0.558706,north
Nuevo León,0.084111,0.413853,0.487743,north
Nuevo León,0.032048,0.279982,0.684326,north
Nuevo León,0.052902,0.422447,0.497199,north
Nuevo León,0.081825,0.346034,0.572121,north
Nuevo León,0.034341000000000003,0.201913,0.754713,north
Nuevo León,0.063912,0.343512,0.592556,north
Guerrero,0.05247,0.572303,0.343447,south
Nuevo León,0.027712,0.502481,0.431088,north
Nuevo León,0.057641,0.356957,0.578894,north
Nuevo León,0.0252,0.420995,0.537917,north
Nuevo León,0.054879,0.32293,0.622166,north
Nuevo León,0.051468,0.376761,0.564681,north
Nuevo León,0.040153,0.358155,0.596322,north
Veracruz,0.076567,0.213512,0.706153,center
Veracruz,5.1e-5,0.001974,0.9935,center
Nuevo León,0.004826,0.01859,0.963996,north
Zacatecas,0.0549,0.388733,0.55588,north
Nuevo León,0.033519,0.188385,0.765944,north
Chiapas,0.100476,0.204119,0.688,south
Nuevo León,0.048213,0.654685,0.296786,north
Guerrero,0.013899,0.073413,0.904842,south
Tamaulipas,0.028172,0.115727,0.834749,north
Zacatecas,0.042551,0.360437,0.579268,north
Tamaulipas,0.028427,0.326977,0.62935,north
Nuevo León,0.052058,0.352252,0.585703,north
Nuevo León,0.036042,0.29974,0.664094,north
Nuevo León,0.056221,0.290269,0.646807,north
Nuevo León,1e-5,0.034075,0.965895,north
Nuevo León,0.046762,0.21764,0.718852,north
Nuevo León,0.062764,0.375893,0.561323,north
Nuevo León,0.037753,0.293611,0.668617,north
Tamaulipas,0.049521,0.262445,0.673522,north
Oaxaca,1e-5,0.083183000000000007,0.913686,south
Nuevo León,0.067409,0.345318,0.581124,north
San Luis Potosí,0.048019,0.335459,0.609381,north
Nuevo León,0.066142,0.410924,0.52168,north
Nuevo León,0.063775,0.362599,0.573597,north
Distrito Federal,0.030296,0.69921,0.268384,center
Nuevo León,0.040812,0.349335,0.604455,north
Nuevo León,0.069455,0.459019,0.471506,north
Nuevo León,0.070399,0.402525,0.519912,north
Jalisco,0.003516,0.012096,0.971935,center
Nuevo León,0.045653,0.424438,0.524998,north
Chiapas,0.048182,0.369141,0.577936,south
Nuevo León,0.064559,0.334085,0.549741,north
Tabasco,0.08005,0.230152,0.682239,south
Nuevo León,0.053525,0.325155,0.621301,north
Nuevo León,0.049404000000000003,0.258632,0.676948,north
San Luis Potosí,1e-5,1e-5,0.99996,north
Nuevo León,0.048579,0.395373,0.555443,north
Nuevo León,0.067939,0.520931,0.408862,north
Guerrero,0.011092,0.065474,0.90885,south
Tabasco,0.091819,0.132106,0.770365,south
Nuevo León,0.059169,0.354732,0.575394,north
Veracruz,0.080225,0.287178,0.627789,center
Nuevo León,0.071354,0.36348,0.565146,north
Tabasco,0.063709,0.167674,0.763244,south
Nuevo León,0.076731,0.283983,0.629885,north
Nuevo León,0.058666,0.370544,0.556952,north
Nuevo León,0.056636,0.269824,0.667783,north
Nuevo León,0.078718,0.336029,0.570607,north
Nuevo León,0.057123,0.336447,0.60641,north
Durango,0.017575,0.360023,0.610044,north
Chiapas,0.031582,0.271957,0.68217,south
Nuevo León,0.052888,0.271978,0.667765,north
Nuevo León,0.051323,0.326697,0.62196,north
Nuevo León,0.052024,0.459592,0.483778,north
Zacatecas,0.047949,0.390158,0.550315,north
Nuevo León,0.04335,0.238082,0.707119,north
Nuevo León,0.059708,0.39816,0.541529,north
Coahuila,0.071555,0.381005,0.543332,north
Coahuila,0.043848,0.397479,0.547249,north
Nuevo León,0.058274,0.369143,0.56566,north
Nuevo León,0.037185,0.321082,0.63181,north
Oaxaca,0.06386,0.07696,0.849057,south
Nuevo León,0.046805,0.409701,0.539309,north
Nuevo León,0.046012,0.362377,0.580507,north
Nuevo León,0.050044,0.256135,0.686007,north
Nuevo León,0.041868,0.320549,0.622204,north
Nuevo León,0.016628,0.166874,0.815842,north
Zacatecas,0.057485,0.372756,0.560589,north
Chiapas,0.089141,0.221194,0.683071,south
Veracruz,0.004956,0.042602,0.944108,center
Guerrero,0.068236,0.085527,0.795286,south
Nuevo León,0.052623,0.515852,0.431505,north
Michoacán,0.018129,0.194383,0.779995,center
Nuevo León,0.05126,0.401357,0.547364,north
San Luis Potosí,0.041218,0.251183,0.707578,north
Nuevo León,0.052131,0.364423,0.574436,north
Tamaulipas,0.099084,0.221276,0.660951,north
Chiapas,0.020899,0.317815,0.653091,south
Nuevo León,0.067885,0.432457,0.496061,north
Tamaulipas,0.01902,0.195251,0.774708,north
Veracruz,0.053505,0.034965,0.902083,center
Veracruz,0.014746,0.020654,0.954097,center
Nuevo León,0.051309,0.323771,0.6249,north
Nuevo León,0.033628,0.418002,0.53822,north
Distrito Federal,0.002554,0.010123,0.979183,center
Nuevo León,0.070673,0.324533,0.598282,north
Coahuila,0.05296,0.354554,0.581005,north
Nuevo León,0.042973,0.440193,0.512947,north
Nuevo León,0.037975,0.348512,0.613492,north
Coahuila,0.041836,0.229257,0.728886,north
Nuevo León,0.054606,0.382434,0.56294,north
Coahuila,0.039135,0.319563,0.637555,north
Nuevo León,0.061274,0.385947,0.548515,north
Coahuila,0.089243,0.2865,0.608102,north
Nuevo León,0.050907,0.348163,0.590045,north
Guanajuato,0.051764,0.305319,0.626909,center
Tamaulipas,0.03814,0.240872,0.705756,north
Guanajuato,0.039924,0.153865,0.791191,center
Nuevo León,0.043861,0.388028,0.552649,north
Nuevo León,0.073921,0.27635,0.626572,north
Nuevo León,0.044619,0.615541,0.330803,north
San Luis Potosí,0.046502,0.24764,0.703621,north
Nuevo León,0.060828,0.323133,0.616019,north
Nuevo León,0.066043,0.449166,0.484771,north
Veracruz,0.057546,0.210362,0.721156,center
Zacatecas,0.080062,0.410203,0.498671,north
San Luis Potosí,0.055905,0.293778,0.644444,north
Nuevo León,0.037521,0.538513,0.423137,north
Durango,0.067936,0.382955,0.547047,north
Nuevo León,0.036307,0.422362,0.538201,north
Nuevo León,0.033155,0.364915,0.593448,north
Nuevo León,0.048899,0.240606,0.706716,north
Nuevo León,0.058265,0.300179,0.636971,north
Distrito Federal,0.02342,0.33017,0.646386,center
Nuevo León,0.03929,0.286838,0.656373,north
Nuevo León,0.033382,0.612349,0.354249,north
Nuevo León,0.044576,0.274374,0.679081,north
Nuevo León,0.044278,0.639802,0.303007,north
Nuevo León,0.066716,0.459372,0.465053,north
Nuevo León,0.052753,0.459972,0.485277,north
Tamaulipas,0.046177,0.419459,0.530949,north
Nuevo León,0.050252,0.40492,0.544248,north
Nuevo León,0.031505,0.765859,0.202616,north
Tamaulipas,0.053997,0.238866,0.694947,north
Nuevo León,0.033198,0.570099,0.396683,north
Nuevo León,0.049162,0.34688,0.603938,north
Nuevo León,0.037401,0.234029,0.722543,north
Nuevo León,0.109434,0.374496,0.51605,north
Nuevo León,0.04488,0.314912,0.631017,north
Nuevo León,0.045506,0.316964,0.619533,north
Nuevo León,0.064375,0.253824,0.664362,north
Nuevo León,0.043468,0.269408,0.68203,north
Coahuila,0.06225,0.415191,0.522539,north
Nuevo León,0.054304,0.3102,0.634241,north
Coahuila,0.043307,0.374403,0.578846,north
Veracruz,0.016917,0.175692,0.798199,center
Tabasco,0.126808,0.240627,0.621587,south
Tamaulipas,0.078601,0.358661,0.552165,north
Chiapas,3.15e-4,0.062514,0.927964,south
Nuevo León,0.060344,0.376355,0.561732,north
Nuevo León,0.033319,0.26190600000000003,0.704754,north
Nuevo León,0.058073,0.368776,0.573131,north
Zacatecas,0.078943,0.307549,0.613488,north
Veracruz,0.028015,0.17111,0.796661,center
Veracruz,0.04022,0.219426,0.740334,center
Nuevo León,0.023964,0.532402,0.434925,north
Nuevo León,0.049374,0.324149,0.626457,north
Nuevo León,0.042701,0.293822,0.657448,north
Chiapas,1e-5,1.87e-4,0.996325,south
Zacatecas,0.07119,0.295744,0.630023,north
San Luis Potosí,1.02e-4,3.45e-4,0.996502,north
Michoacán,0.037299,0.369679,0.583206,center
Tamaulipas,0.04855,0.28555,0.659691,north
Nuevo León,0.059064,0.294018,0.64622,north
San Luis Potosí,2.6e-5,0.057702,0.939571,north
Veracruz,0.116271,0.137849,0.74586,center
Coahuila,0.049498,0.194435,0.754279,north
Nuevo León,0.064099,0.29964,0.625033,north
Nuevo León,0.060768,0.356713,0.563895,north
Nuevo León,0.064589,0.299024,0.632127,north
Nuevo León,0.043504,0.413922,0.538045,north
San Luis Potosí,1e-5,1e-5,0.99996,north
Zacatecas,0.099454,0.380256,0.51449,north
Chiapas,0.04242,0.191965,0.765594,south
Hidalgo,4.66e-4,0.004878,0.989291,center
Nuevo León,0.048823,0.304592,0.635111,north
Veracruz,0.004787,0.027498,0.956677,center
Nuevo León,0.053023,0.288345,0.654371,north
Nuevo León,0.056492,0.263294,0.660318,north
Nuevo León,0.0263,0.318411,0.637189,north
Nuevo León,0.040676,0.279749,0.678365,north
Coahuila,0.083096,0.331755,0.580359,north
Nuevo León,0.047209,0.39619,0.556581,north
Nuevo León,0.062907,0.397613,0.53946,north
Nuevo León,0.066979,0.328928,0.60407,north
Nuevo León,0.062326,0.379919,0.543255,north
Nuevo León,0.041163,0.356129,0.597141,north
Nuevo León,0.072255,0.407305,0.51571,north
Veracruz,0.031649,0.214251,0.74998,center
Nuevo León,0.043687,0.289764,0.659244,north
Nuevo León,0.021139,0.583082,0.387846,north
Coahuila,0.051479,0.724323,0.222236,north
Nuevo León,0.039749,0.389867,0.558928,north
Nuevo León,0.033083,0.695854,0.271043,north
Nuevo León,0.026714,0.431094,0.535074,north
Nuevo León,0.065265,0.34185,0.592865,north
Nuevo León,0.045093,0.322527,0.624712,north
Nuevo León,0.043086,0.598813,0.3542,north
Nuevo León,0.047276,0.330814,0.602803,north
Tamaulipas,0.045354,0.315643,0.631277,north
Nuevo León,0.030143,0.307784,0.653181,north
Nuevo León,0.049029,0.30301,0.638431,north
Nuevo León,0.047163,0.371092,0.574318,north
Nuevo León,0.084478,0.425879,0.484026,north
Oaxaca,0.009108,0.066799,0.915643,south
Tamaulipas,0.042135,0.222725,0.724018,north
Nuevo León,0.059879,0.287817,0.64357,north
Hidalgo,0.005256,0.104477,0.888905,center
San Luis Potosí,0.029353,0.355028,0.615599,north
Nuevo León,0.066388,0.430252,0.502644,north
Nuevo León,0.054064,0.422865,0.518594,north
Distrito Federal,0.039257,0.238706,0.705104,center
Nuevo León,0.062152,0.262329,0.666617,north
Nuevo León,0.053547,0.580031,0.366392,north
Nuevo León,0.028597,0.241928,0.726578,north
Nuevo León,0.080389,0.346062,0.573529,north
San Luis Potosí,0.059401,0.371718,0.567209,north
Nuevo León,0.037375,0.300585,0.661163,north
Nuevo León,0.052779,0.350362,0.574846,north
Nuevo León,0.027447,0.297755,0.674779,north
Nuevo León,0.047021,0.302989,0.644639,north
Nuevo León,0.079021,0.331549,0.576567,north
Nuevo León,0.055227,0.320774,0.613647,north
Zacatecas,0.048792,0.362745,0.569287,north
Nuevo León,0.062984,0.50804,0.428699,north
Nuevo León,1e-5,0.104081,0.893689,north
Tamaulipas,0.040255,0.220562,0.733427,north
Nuevo León,0.05128,0.362637,0.575825,north
Nuevo León,0.062953,0.362418,0.568062,north
Veracruz,0.022591,0.433687,0.532645,center
Tamaulipas,0.054494,0.509126,0.436357,north
Guanajuato,0.064548,0.302201,0.620196,center
San Luis Potosí,0.042359,0.31462,0.631562,north
Tamaulipas,0.095728,0.480426,0.421794,north
Nuevo León,0.042024,0.303992,0.637211,north
Nuevo León,0.067802,0.36453,0.567511,north
Zacatecas,0.057164,0.313418,0.617726,north
Querétaro,0.057086,0.289266,0.643765,center
Nuevo León,0.045858,0.473635,0.473684,north
Nuevo León,0.035176,0.39319,0.561546,north
Nuevo León,0.056024,0.245275,0.682346,north
Nuevo León,0.047077,0.29303,0.652608,north
Nuevo León,0.03649,0.400805,0.562685,north
Nuevo León,0.068424,0.239811,0.691745,north
Tamaulipas,0.04382,0.399793,0.548612,north
Coahuila,0.06157,0.450349,0.483483,north
Nuevo León,0.041247,0.349648,0.607347,north
Nuevo León,0.063936,0.356363,0.567795,north
Nuevo León,0.069145,0.348557,0.56506,north
Nuevo León,0.032945,0.260805,0.694235,north
Puebla,0.002607,0.026586,0.961391,center
Coahuila,0.063885,0.365576,0.568962,north
Nuevo León,0.08536,0.468897,0.445723,north
San Luis Potosí,0.046116,0.32698,0.617629,north
Nuevo León,0.060122,0.453961,0.480308,north
México,0.047075,0.320148,0.621875,center
Nuevo León,0.052404,0.334157,0.585176,north
Nuevo León,0.072867,0.364269,0.547636,north
Nuevo León,0.045898,0.276054,0.678028,north
San Luis Potosí,0.038627,0.294966,0.659016,north
Nuevo León,0.039058,0.47166400000000003,0.478516,north
Coahuila,0.066354,0.319496,0.610972,north
Nuevo León,0.065333,0.262831,0.644821,north
Nuevo León,0.041908,0.27463,0.674896,north
Nuevo León,0.03764,0.201062,0.748568,north
Sinaloa,0.062012,0.371839,0.547482,north
Nuevo León,0.034818,0.382506,0.571176,north
Nuevo León,0.051395,0.221899,0.70855,north
Nuevo León,0.066858,0.461533,0.471589,north
Nuevo León,0.046877,0.424222,0.515898,north
Nuevo León,0.061521,0.380784,0.548275,north
Nuevo León,0.097152,0.269278,0.629382,north
Tabasco,0.002771,0.014546,0.979983,south
Veracruz,1e-5,1e-5,0.99996,center
Coahuila,0.075679,0.321312,0.60071,north
San Luis Potosí,0.00566,0.215109,0.77441,north
Zacatecas,0.027713,0.52762,0.43445,north
Nuevo León,0.073438,0.323265,0.603277,north
Michoacán,0.064637,0.378518,0.556825,center
Nuevo León,0.037723,0.223039,0.71783,north
Nuevo León,0.065195,0.266053,0.6599,north
San Luis Potosí,0.055953,0.262103,0.672492,north
Veracruz,0.014647,0.009255,0.968376,center
Nuevo León,0.055112,0.394704,0.540409,north
Nuevo León,0.050146,0.244722,0.695059,north
Nuevo León,0.064625,0.224576,0.702882,north
Nuevo León,0.050455,0.40733,0.542195,north
Coahuila,0.067426,0.299574,0.630816,north
Durango,0.072613,0.395536,0.523604,north
Nuevo León,0.029505,0.182389,0.785856,north
Zacatecas,0.067073,0.365343,0.563052,north
San Luis Potosí,5.5e-4,0.001953,0.992297,north
Nuevo León,0.045749,0.370057,0.576645,north
Nuevo León,0.061461,0.364422,0.553569,north
Coahuila,0.060348,0.307145,0.629557,north
Veracruz,1.7e-5,1e-5,0.999953,center
Tamaulipas,0.081133,0.213899,0.684095,north
Nuevo León,0.035978,0.489262,0.472507,north
Nuevo León,0.043831,0.302576,0.652463,north
Chihuahua,0.127753,0.47993,0.392297,north
Hidalgo,0.12557,0.374126,0.486927,center
Oaxaca,0.017851,0.113329,0.851119,south
San Luis Potosí,0.051203,0.310771,0.629998,north
San Luis Potosí,0.063965,0.376265,0.558978,north
Nuevo León,0.121464,0.065194,0.762171,north
Guerrero,0.059093,0.296338,0.641111,south
Nuevo León,0.067262,0.348743,0.576945,north
Coahuila,0.053214,0.251011,0.692186,north
Chiapas,0.032531,0.058313,0.895213,south
Nuevo León,0.053107,0.388132,0.55267,north
Chihuahua,0.074606,0.430174,0.48662300000000003,north
Nuevo León,0.037215,0.313645,0.64912,north
Nuevo León,0.047667,0.327956,0.624357,north
Coahuila,0.086602,0.335894,0.568881,north
San Luis Potosí,0.026076,0.396763,0.568404,north
Nuevo León,0.043323,0.455859,0.500799,north
Zacatecas,0.088437,0.284458,0.620488,north
Nuevo León,0.055787,0.288112,0.649564,north
Nuevo León,0.052375,0.366485,0.572376,north
San Luis Potosí,0.035409,0.242447,0.705252,north
Nuevo León,0.061967,0.216766,0.710896,north
San Luis Potosí,0.049968,0.287443,0.658097,north
Nuevo León,0.055014,0.184784,0.751162,north
Nuevo León,0.048299,0.297615,0.64386,north
Nuevo León,0.053668,0.24001,0.70507,north
Zacatecas,0.057187,0.403473,0.539319,north
Nuevo León,0.061123,0.292919,0.628536,north
Nuevo León,0.044302,0.50022,0.44945,north
Nuevo León,0.050114,0.593885,0.344576,north
Nuevo León,0.053234,0.36817,0.572863,north
Coahuila,0.086344,0.307301,0.595528,north
Zacatecas,0.07146,0.239122,0.674053,north
Nuevo León,0.033926,0.2886,0.674785,north
Nuevo León,0.052305,0.553026,0.390787,north
San Luis Potosí,0.059843,0.35336,0.575947,north
Nuevo León,0.05605,0.334287,0.603128,north
Nuevo León,0.038328,0.551956,0.405615,north
Nuevo León,0.084419,0.351017,0.564544,north
Nuevo León,0.052842,0.303017,0.635701,north
Nuevo León,0.06212,0.340534,0.597326,north
Nuevo León,0.081672,0.226852,0.678434,north
Veracruz,0.00416,0.118137,0.86391,center
Nuevo León,0.051244,0.330881,0.611783,north
Zacatecas,0.050529,0.297058,0.652394,north
Veracruz,0.015086,0.211762,0.763251,center
Nuevo León,0.062167,0.27425,0.656428,north
Tamaulipas,0.034025,0.286192,0.663165,north
Nuevo León,0.070397,0.429108,0.500475,north
Coahuila,0.042398,0.418461,0.528946,north
Puebla,5.8e-4,0.105954,0.892832,center
Nuevo León,0.064411,0.266668,0.668898,north
Nuevo León,0.049931,0.293734,0.647774,north
Nuevo León,0.040744,0.321334,0.624819,north
Nuevo León,0.006384,0.139982,0.846073,north
México,0.067527,0.301474,0.627647,center
Coahuila,0.055172,0.367021,0.57081,north
San Luis Potosí,1e-5,2.03e-4,0.996501,north
Nuevo León,1e-5,1e-5,0.99996,north
San Luis Potosí,0.044785,0.237321,0.717875,north
Zacatecas,0.044422,0.274157,0.680249,north
Nuevo León,0.049815,0.302435,0.647224,north
Tamaulipas,0.049084,0.255558,0.681458,north
Veracruz,0.009526,0.293547,0.688295,center
Veracruz,0.04003,0.290924,0.650441,center
Veracruz,1e-5,1e-5,0.999952,center
Nuevo León,0.046095,0.349986,0.592682,north
Veracruz,1e-5,1e-5,0.99996,center
Nuevo León,0.034568,0.194338,0.744544,north
Tabasco,0.005651,9.41e-4,0.985271,south
Nuevo León,0.074024,0.253084,0.672045,north
San Luis Potosí,9.51e-4,0.041783,0.952345,north
Zacatecas,0.075238,0.288666,0.636076,north
Nuevo León,0.017055,0.126154,0.848715,north
Veracruz,6.26e-4,3.6e-5,0.996043,center
Nuevo León,0.049284,0.414586,0.521383,north
Nuevo León,0.059656,0.276297,0.647266,north
Nuevo León,0.069025,0.236717,0.682236,north
San Luis Potosí,5.4e-5,1e-5,0.997553,north
San Luis Potosí,1e-5,1e-5,0.99996,north
Zacatecas,0.054813,0.304718,0.63096,north
Veracruz,0.056762,0.530946,0.399311,center
Nuevo León,0.068596,0.418885,0.509046,north
Veracruz,1e-5,1e-5,0.99996,center
Nuevo León,0.03925,0.440597,0.520133,north
Nuevo León,0.060423,0.334878,0.59273,north
Nuevo León,0.0374,0.305349,0.653972,north
Nuevo León,0.044798,0.50561,0.449572,north
Hidalgo,0.052372,0.254563,0.674055,center
Nuevo León,0.086488,0.307324,0.590509,north
Nuevo León,0.062681,0.324464,0.602021,north
Puebla,0.045101,0.339834,0.608064,center
Nuevo León,0.057865,0.301665,0.618906,north
San Luis Potosí,0.016668,0.020701,0.956823,north
Tamaulipas,0.021515,0.35913,0.617556,north
Veracruz,0.042156,0.108313,0.837205,center
Tamaulipas,0.042113,0.33589,0.607184,north
Nuevo León,0.05265,0.263416,0.674953,north
San Luis Potosí,0.001857,0.003137,0.992141,north
Nuevo León,0.050068,0.301676,0.648237,north
Zacatecas,0.047672,0.29578,0.65001,north
Nuevo León,0.045955,0.394672,0.546106,north
Nuevo León,0.036083,0.370905,0.583519,north
Nuevo León,0.041591,0.295482,0.659277,north
México,0.008472,0.250466,0.725123,center
Nuevo León,0.046004,0.433344,0.505755,north
San Luis Potosí,0.033101,0.160657,0.78671,north
Tamaulipas,0.103315,0.328221,0.568445,north
Sonora,0.061656,0.519571,0.417884,north
Nuevo León,0.07585,0.361775,0.554354,north
Nuevo León,0.047856,0.408635,0.527147,north
Nuevo León,0.057465,0.360398,0.577785,north
Nuevo León,0.049406,0.435595,0.500382,north
San Luis Potosí,0.02238,0.17183,0.793183,north
Tamaulipas,0.052337,0.428258,0.519385,north
Jalisco,0.038153,0.635829,0.325998,center
Nuevo León,0.031471,0.693013,0.268442,north
Veracruz,0.001305,0.044232,0.950182,center
Nuevo León,0.040248,0.217197,0.737952,north
Tamaulipas,0.07195,0.370698,0.550685,north
Zacatecas,0.082437,0.251198,0.66165,north
Chiapas,3.51e-4,0.012891,0.979544,south
Nuevo León,0.068367,0.357612,0.5694,north
San Luis Potosí,0.034107,0.193208,0.767021,north
Nuevo León,0.0477,0.340841,0.602354,north
Veracruz,0.003432,0.009076,0.977616,center
Nuevo León,0.051702,0.291608,0.636437,north
Nuevo León,0.065262,0.502088,0.432283,north
Veracruz,1e-5,1e-5,0.99996,center
Nuevo León,0.056563,0.244503,0.691003,north
Coahuila,0.047333,0.256943,0.679211,north
Tamaulipas,0.025734,0.31331,0.658431,north
Nuevo León,1e-5,1e-5,0.99996,north
San Luis Potosí,0.001623,0.007109,0.982042,north
Oaxaca,0.024516,0.095249,0.866613,south
Tamaulipas,0.094444,0.441863,0.444717,north
Nuevo León,0.035855,0.734889,0.226054,north
Coahuila,0.062933,0.531405,0.396023,north
Yucatán,0.033359,0.624748,0.341872,south
Tamaulipas,0.031732,0.730696,0.236651,north
Distrito Federal,0.020972,0.308516,0.662468,center
San Luis Potosí,0.050048,0.473979,0.466682,north
Nuevo León,0.0803,0.313124,0.604327,north
Nuevo León,0.055884,0.453221,0.489519,north
Tabasco,0.107085,0.360283,0.518702,south
Nuevo León,0.044834,0.615824,0.337934,north
Coahuila,0.045072,0.734613,0.217226,north
Coahuila,0.07324,0.597731,0.318466,north
Distrito Federal,0.028029,0.624332,0.347619,center
Nuevo León,0.060447,0.4624,0.477133,north
Aguascalientes,0.013681,0.139681,0.846617,north
Nuevo León,0.036616,0.705816,0.241365,north
Distrito Federal,0.033959,0.375891,0.577832,center
Nuevo León,0.04283,0.530466,0.426685,north
Nuevo León,0.049147,0.523352,0.423448,north
San Luis Potosí,0.049826,0.055694,0.871232,north
Sonora,0.069867,0.536982,0.369351,north
Nuevo León,0.108352,0.420838,0.460025,north
Tabasco,0.059911,0.374011,0.560575,south
Nuevo León,0.034306,0.431307,0.523727,north
Tamaulipas,0.042274,0.604247,0.353459,north
San Luis Potosí,0.038013,0.374312,0.587655,north
Distrito Federal,0.04333,0.555602,0.396872,center
Distrito Federal,0.039332,0.438839,0.520805,center
Nuevo León,0.051344,0.390276,0.542765,north
Nuevo León,0.056948,0.287145,0.654732,north
Nuevo León,0.053374,0.406817,0.530923,north
Nuevo León,0.060911,0.391831,0.530799,north
Distrito Federal,0.034926,0.642117,0.322937,center
Nuevo León,0.162027,0.421004,0.396275,north
Nuevo León,0.035584,0.341974,0.613681,north
Veracruz,0.015482,0.02012,0.960212,center
Oaxaca,0.177212,0.29699,0.525504,south
Nuevo León,0.049182,0.242296,0.679811,north
Coahuila,0.094364,0.312475,0.593141,north
Nuevo León,0.072727,0.335432,0.589162,north
Veracruz,0.019243,0.162131,0.813176,center
Nuevo León,0.063579,0.519889,0.416511,north
San Luis Potosí,0.060967,0.290149,0.644111,north
Nuevo León,0.055192,0.255621,0.689168,north
Nuevo León,0.060835,0.285019,0.651822,north
Nuevo León,0.049013,0.368864,0.573604,north
Nuevo León,0.05693,0.324303,0.609634,north
Coahuila,0.055553,0.357191,0.574059,north
Nuevo León,0.042759,0.30591,0.647904,north
Veracruz,0.02143,0.1462,0.829702,center
Coahuila,0.066698,0.27276,0.660265,north
Nuevo León,0.065133,0.280837,0.65401,north
Nuevo León,0.049524,0.329806,0.616484,north
Nuevo León,0.041088,0.245674,0.705823,north
Nuevo León,0.056962,0.20337,0.723872,north
Veracruz,5.97e-4,3.08e-4,0.992003,center
Coahuila,0.078447,0.264749,0.632204,north
Tamaulipas,0.061682,0.26105,0.667149,north
Guanajuato,0.040292,0.163057,0.784588,center
Nuevo León,0.053576,0.400449,0.531778,north
Coahuila,0.049708,0.364128,0.584581,north
Nuevo León,0.047736,0.27552,0.676723,north
Veracruz,3.31e-4,0.00277,0.992112,center
Tamaulipas,0.061058,0.261202,0.66363,north
San Luis Potosí,0.006797,0.007429,0.982158,north
Aguascalientes,0.047631,0.249751,0.692166,north
Nuevo León,0.039732,0.2911,0.658187,north
Tamaulipas,0.042587,0.279226,0.669684,north
San Luis Potosí,0.035929,0.271041,0.679415,north
Veracruz,0.071104,0.174525,0.736809,center
San Luis Potosí,0.053931,0.375191,0.570336,north
San Luis Potosí,8.8e-5,6.31e-4,0.996634,north
Nuevo León,0.056055,0.461145,0.481724,north
Nuevo León,0.052085,0.494081,0.453815,north
Nuevo León,0.056038,0.389672,0.541116,north
Veracruz,1.8e-5,1e-5,0.999952,center
Nuevo León,0.049901,0.276923,0.663434,north
Coahuila,0.034033,0.379384,0.564174,north
Tabasco,0.050016,0.433533,0.507386,south
Nuevo León,0.073486,0.403451,0.503982,north
Coahuila,0.044872,0.303369,0.632322,north
San Luis Potosí,0.053207,0.359311,0.582704,north
Yucatán,0.040268,0.728656,0.231056,south
Nuevo León,0.072409,0.296687,0.630884,north
San Luis Potosí,0.053969,0.317701,0.621472,north
Nuevo León,0.039327,0.751036,0.209398,north
San Luis Potosí,0.057765,0.300079,0.63525,north
San Luis Potosí,0.08627,0.283654,0.623055,north
Nuevo León,0.036563,0.286703,0.662377,north
San Luis Potosí,0.087107,0.251064,0.656414,north
Aguascalientes,0.045188,0.419859,0.534511,north
San Luis Potosí,0.058739,0.426419,0.509751,north
San Luis Potosí,0.041065,0.31289,0.624738,north
Nuevo León,0.053185,0.213438,0.723746,north
Distrito Federal,0.047797,0.757047,0.195136,center
San Luis Potosí,0.06936,0.309795,0.609703,north
Nuevo León,0.077183,0.356648,0.562456,north
Nuevo León,0.075292,0.276547,0.64381,north
Coahuila,0.059326,0.442579,0.478965,north
Nuevo León,0.037054,0.830258,0.132668,north
Nuevo León,0.042921,0.197356,0.748682,north
Nuevo León,0.045299,0.27574,0.666567,north
Nuevo León,0.067902,0.295118,0.627819,north
Nuevo León,0.100593,0.333668,0.555276,north
Coahuila,0.061755,0.3142,0.622046,north
Tamaulipas,0.051661,0.436422,0.511897,north
Nuevo León,0.058214,0.43403,0.507737,north
Nuevo León,0.04918,0.326474,0.619451,north
Nuevo León,0.067167,0.389156,0.532902,north
Guerrero,0.096925,0.180342,0.686227,south
Nuevo León,0.067642,0.3195,0.601976,north
San Luis Potosí,0.003322,0.008606,0.976213,north
Nuevo León,0.053961,0.325111,0.619186,north
Nuevo León,0.04443,0.32676500000000003,0.621311,north
Quintana Roo,0.025158,0.541417,0.432461,south
Nuevo León,0.049851,0.197831,0.736551,north
Veracruz,0.106882,0.350478,0.53198,center
Nuevo León,0.080059,0.311377,0.601539,north
Veracruz,0.046987,0.207999,0.742449,center
Nuevo León,0.05485,0.319511,0.618618,north
Nuevo León,0.067744,0.313542,0.611468,north
Nuevo León,0.061763,0.523925,0.413835,north
San Luis Potosí,0.069114,0.311263,0.614752,north
Guanajuato,0.047193,0.252363,0.682812,center
Zacatecas,0.046306,0.252523,0.689143,north
Veracruz,0.143768,0.402889,0.442309,center
Nuevo León,0.078352,0.318626,0.599392,north
Nuevo León,0.036234,0.730754,0.232992,north
Veracruz,0.007624,0.050457,0.930955,center
Nuevo León,0.054678,0.554535,0.388902,north
Nuevo León,0.060996,0.348831,0.569832,north
Tamaulipas,0.081598,0.2665,0.645643,north
Nuevo León,0.059761,0.346901,0.583185,north
Nuevo León,0.058071,0.332612,0.57607,north
Nuevo León,0.045551,0.261528,0.669625,north
Nuevo León,0.046946,0.509202,0.435198,north
Nuevo León,0.049686,0.47533,0.462538,north
Coahuila,0.047287,0.242152,0.701611,north
Zacatecas,0.073235,0.316053,0.582375,north
Nuevo León,0.044199,0.321062,0.611852,north
Coahuila,0.060388,0.384611,0.541021,north
Nuevo León,0.064839,0.333412,0.597916,north
Veracruz,0.002697,0.066262,0.924878,center
Tamaulipas,0.042811,0.374356,0.579742,north
San Luis Potosí,0.042388,0.316957,0.608074,north
Nuevo León,0.065088,0.262581,0.664694,north
Zacatecas,0.061483,0.332962,0.598741,north
Nuevo León,0.060645,0.444176,0.495159,north
Nuevo León,0.051542,0.526422,0.416181,north
Nuevo León,0.089425,0.292121,0.612628,north
Tabasco,0.002303,0.031584,0.955197,south
Nuevo León,0.066596,0.403472,0.517183,north
Nuevo León,0.055253,0.347217,0.59361,north
Nuevo León,0.070916,0.44704,0.4682,north
Nuevo León,0.040374,0.270877,0.684636,north
Nuevo León,0.067499,0.291138,0.63629,north
Nuevo León,0.084493,0.352941,0.548108,north
Hidalgo,0.005751,0.061975,0.926241,center
Nuevo León,0.067654,0.333868,0.572601,north
Tabasco,0.045448,0.057047,0.883872,south
Nuevo León,0.055916,0.374599,0.569465,north
Nuevo León,0.012002,0.093754,0.878106,north
Nuevo León,0.05487,0.335259,0.590203,north
Nuevo León,0.056815,0.263044,0.659739,north
Nuevo León,0.012308,0.046425,0.933135,north
Hidalgo,1e-5,8.1e-5,0.997564,center
Nuevo León,0.063682,0.300379,0.633294,north
Nuevo León,0.042828,0.260236,0.680961,north
Coahuila,0.076079,0.30727,0.616631,north
Nuevo León,0.067019,0.325146,0.60768,north
San Luis Potosí,0.01184,0.072259,0.915881,north
Coahuila,0.056306,0.419911,0.523763,north
Nuevo León,0.060675,0.232622,0.700584,north
Nuevo León,0.029406,0.321822,0.624245,north
Coahuila,0.087639,0.360759,0.54199,north
Nuevo León,0.069541,0.316112,0.614325,north
Querétaro,0.016166,0.224623,0.74541,center
Coahuila,0.059586,0.392639,0.525943,north
Tabasco,0.141487,0.368756,0.489062,south
Tabasco,0.017566,0.069568,0.901169,south
Nuevo León,0.032543,0.295258,0.667517,north
Coahuila,0.077557,0.311387,0.594447,north
Nuevo León,0.069838,0.356557,0.560995,north
Nuevo León,0.041416,0.189281,0.754803,north
Veracruz,0.106329,0.232823,0.647978,center
Coahuila,0.026631,0.429354,0.543995,north
Nuevo León,0.060847,0.253216,0.672277,north
Nuevo León,0.066949,0.293722,0.624575,north
Nuevo León,0.056593,0.317296,0.626091,north
Nuevo León,0.049762,0.383865,0.566353,north
Tamaulipas,0.048825,0.30992,0.641235,north
Nuevo León,0.052622,0.28588,0.65015,north
San Luis Potosí,0.063435,0.270249,0.656282,north
Nuevo León,0.026609,0.169653,0.792451,north
Nuevo León,0.063402,0.320205,0.610579,north
Nuevo León,0.05017,0.248219,0.689793,north
Nuevo León,0.072691,0.4114,0.514475,north
San Luis Potosí,0.019767,0.035521,0.934627,north
Nuevo León,0.042715,0.434893,0.521055,north
Coahuila,0.049948,0.390787,0.559245,north
San Luis Potosí,0.054191,0.309614,0.616863,north
Jalisco,0.015157,0.059694,0.911726,center
San Luis Potosí,0.053346,0.242337,0.703853,north
San Luis Potosí,1e-5,1e-5,0.99996,north
Veracruz,0.013437,0.189561,0.794323,center
Veracruz,1e-5,0.03554,0.96443,center
Zacatecas,0.048245,0.387792,0.551776,north
Nuevo León,0.05574,0.349968,0.594272,north
Nuevo León,0.086009,0.445737,0.449298,north
Coahuila,0.053374,0.448611,0.497808,north
Durango,0.086191,0.39717,0.508886,north
Nuevo León,0.05305,0.399559,0.543666,north
Nuevo León,0.065102,0.31735,0.606073,north
Tamaulipas,0.03549,0.553162,0.411328,north
Nuevo León,0.037681,0.456519,0.50578,north
Nuevo León,0.071432,0.340293,0.588255,north
Coahuila,0.063556,0.432483,0.501307,north
Nuevo León,0.070364,0.376858,0.549965,north
Nuevo León,0.043045,0.379092,0.577333,north
Nuevo León,0.025647,0.398493,0.559137,north
Nuevo León,0.029695,0.424819,0.537463,north
Nuevo León,0.04518,0.226046,0.719731,north
Nuevo León,0.038978,0.567172,0.381104,north
Durango,0.088198,0.341585,0.569675,north
San Luis Potosí,0.05354,0.347266,0.594796,north
Nuevo León,0.048048,0.438576,0.498435,north
Nuevo León,0.053847,0.255071,0.691063,north
San Luis Potosí,0.04273,0.30678,0.635159,north
Coahuila,0.032284,0.200803,0.735122,north
Nuevo León,0.057317,0.346275,0.596389,north
Coahuila,0.043698,0.268943,0.676018,north
Nuevo León,0.056118,0.258784,0.685078,north
Nuevo León,0.022196,0.288414,0.684175,north
Nuevo León,0.066767,0.206176,0.727037,north
Tamaulipas,0.033514,0.455048,0.511418,north
Nuevo León,0.056507,0.314716,0.623218,north
Tamaulipas,0.085486,0.398234,0.515146,north
Nuevo León,0.034131,0.629935,0.3283,north
Jalisco,0.043399,0.393805,0.547602,center
Nuevo León,0.049402,0.32875,0.608036,north
Nuevo León,0.295996,0.330345,0.373639,north
Nuevo León,0.028164,0.374883,0.584866,north
Nuevo León,0.052923,0.290084,0.656974,north
Nuevo León,0.043064,0.286698,0.65987,north
Distrito Federal,0.020544,0.192849,0.782347,center
Nuevo León,0.036379,0.443481,0.519904,north
Nuevo León,0.042989,0.522392,0.4346,north
Nuevo León,0.064068,0.283985,0.650917,north
Nuevo León,0.060221,0.267759,0.665465,north
Oaxaca,0.002652,0.014425,0.976298,south
Zacatecas,0.039522,0.446992,0.513467,north
Nuevo León,0.053892,0.227814,0.69668,north
San Luis Potosí,0.025021,0.365955,0.604099,north
Nuevo León,0.04667,0.284476,0.66459,north
Durango,0.062644,0.242015,0.695321,north
San Luis Potosí,0.044814,0.390284,0.562365,north
San Luis Potosí,0.020656,0.211797,0.752554,north
Tamaulipas,0.060626,0.352509,0.586845,north
Nuevo León,0.054807,0.23332,0.711853,north
Tamaulipas,0.046009,0.606489,0.327166,north
San Luis Potosí,0.051185,0.37317,0.571034,north
Tamaulipas,0.057408,0.269524,0.663135,north
Coahuila,0.070019,0.353929,0.576031,north
Nuevo León,0.064479,0.277352,0.651618,north
San Luis Potosí,1e-5,1e-5,0.99996,north
Veracruz,0.119524,0.383132,0.489583,center
Distrito Federal,0.031697,0.423362,0.538912,center
Morelos,0.040013,0.162075,0.788607,center
Nuevo León,0.047538,0.36125,0.591191,north
Tamaulipas,0.067446,0.238657,0.693048,north
Nuevo León,0.060994,0.314942,0.624044,north
Distrito Federal,0.038141,0.437937,0.523903,center
Nuevo León,0.057226,0.598704,0.341059,north
Nuevo León,0.045545,0.315558,0.638878,north
Tabasco,0.070426,0.173387,0.748847,south
Nuevo León,0.048874,0.41999,0.526213,north
Nuevo León,0.038925,0.612195,0.348861,north
Distrito Federal,0.067649,0.28863,0.642433,center
Chiapas,0.0223,0.320055,0.650059,south
Nuevo León,0.066852,0.409588,0.507583,north
Tamaulipas,0.08424,0.325489,0.584811,north
Nuevo León,0.079596,0.266981,0.644255,north
Puebla,0.008909,0.236017,0.748209,center
Oaxaca,1e-5,0.011394,0.988576,south
Nuevo León,0.061103,0.548409,0.381801,north
Nuevo León,0.04941,0.382529,0.568041,north
Nuevo León,0.049302,0.564147,0.38653,north
Nuevo León,0.038563,0.467433,0.4889,north
San Luis Potosí,0.056111,0.448563,0.483834,north
Nuevo León,0.042411,0.360949,0.589072,north
Nuevo León,0.057648,0.251626,0.68751,north
San Luis Potosí,0.05829,0.306768,0.634923,north
Nuevo León,0.073798,0.19312000000000001,0.716677,north
Nuevo León,0.0503,0.280578,0.665511,north
Nuevo León,0.081165,0.267359,0.651456,north
Nuevo León,0.035604,0.279037,0.676526,north
Nuevo León,0.050451,0.359409,0.583013,north
Veracruz,1e-5,1e-5,0.99996,center
Nuevo León,0.036819,0.498328,0.462466,north
Nuevo León,0.03639,0.637988,0.324686,north
Nuevo León,0.025786,0.852695,0.121499,north
Nuevo León,0.068166,0.399823,0.531991,north
Nuevo León,0.071987,0.274592,0.640015,north
Tamaulipas,0.046824,0.644735,0.308422,north
Nuevo León,0.025926,0.457696,0.497325,north
Tamaulipas,0.059367,0.234101,0.699671,north
Nuevo León,0.052284,0.248937,0.677204,north
Nuevo León,0.087411,0.362127,0.54793,north
Nuevo León,0.047291,0.580726,0.366334,north
Nuevo León,0.06679,0.313555,0.616063,north
Coahuila,0.070578,0.293789,0.635201,north
Jalisco,0.044361,0.427334,0.524387,center
Nuevo León,0.054032,0.369849,0.563883,north
Zacatecas,0.045165,0.294213,0.642345,north
Aguascalientes,0.050642,0.39803,0.550442,north
Nuevo León,0.059717,0.501223,0.436476,north
Nuevo León,0.036327,0.384713,0.571791,north
San Luis Potosí,0.055448,0.296951,0.640426,north
Nuevo León,0.062444,0.260615,0.676921,north
Nuevo León,0.069737,0.350986,0.564204,north
Nuevo León,0.055156,0.385148,0.542624,north
Nuevo León,0.058078,0.379297,0.556211,north
Nuevo León,0.08969,0.414737,0.494644,north
Nuevo León,0.061377,0.317545,0.616912,north
Baja California,0.068481,0.504222,0.416366,north
Veracruz,0.043035,0.240421,0.706759,center
Nuevo León,0.051194,0.404071,0.543033,north
San Luis Potosí,0.003305,0.006511,0.984333,north
Chiapas,0.122136,0.240655,0.637189,south
Chiapas,0.02083,0.092586,0.882483,south
Chiapas,0.003284,0.033195,0.957469,south
Veracruz,0.056959,0.164656,0.771258,center
Puebla,0.011125,0.095213,0.883624,center
Nuevo León,0.036634,0.202692,0.757179,north
Nuevo León,0.045071,0.775492,0.179416,north
Zacatecas,0.064924,0.288088,0.645751,north
Zacatecas,0.057232,0.300489,0.633647,north
Veracruz,0.044882,0.345194,0.609904,center
Nuevo León,0.045052,0.315733,0.632981,north
Nuevo León,0.049317,0.348976,0.601687,north
Coahuila,0.04955,0.344935,0.605493,north
Nuevo León,0.035936,0.757341,0.206703,north
Nuevo León,0.011345,0.191772,0.788714,north
Tamaulipas,0.045331,0.466829,0.487819,north
San Luis Potosí,0.025155,0.320981,0.639913,north
Nuevo León,0.056261,0.365248,0.572565,north
Nuevo León,0.047634,0.370719,0.577562,north
Nuevo León,0.053726,0.415999,0.525581,north
Nuevo León,0.045911,0.419948,0.513516,north
Tabasco,0.091053,0.252106,0.649878,south
Nuevo León,0.071841,0.285685,0.633686,north
Nuevo León,0.065048,0.357696,0.577236,north
Nuevo León,0.057743,0.376057,0.552468,north
Nuevo León,0.051367,0.446482,0.495383,north
Nuevo León,0.070998,0.231997,0.696153,north
Tamaulipas,0.051209,0.326993,0.618218,north
San Luis Potosí,1e-5,0.087173,0.912797,north
Nuevo León,0.071709,0.380452,0.547819,north
Nuevo León,0.060377,0.293589,0.638203,north
Nuevo León,0.050567,0.280393,0.659733,north
Tamaulipas,0.053965,0.371826,0.574188,north
Chiapas,0.132602,0.267177,0.590668,south
Nuevo León,0.037119,0.49437,0.453556,north
Nuevo León,0.055822,0.363311,0.573944,north
Chiapas,0.090779,0.136597,0.772603,south
Nuevo León,0.033085,0.297161,0.667129,north
Veracruz,0.004149,0.022161,0.967499,center
Chiapas,9.54e-4,5.2e-4,0.993301,south
Nuevo León,0.036851,0.332803,0.630327,north
Nuevo León,0.078042,0.403136,0.5089,north
Nuevo León,0.032003,0.856916,0.11106100000000001,north
Nuevo León,0.064862,0.262491,0.664652,north
Nuevo León,0.037908,0.733512,0.217938,north
Puebla,0.002371,0.113241,0.878831,center
Nuevo León,0.064164,0.276828,0.658988,north
Tabasco,0.131416,0.194789,0.669488,south
Tamaulipas,0.044273,0.361402,0.594305,north
Nuevo León,0.055333,0.371888,0.569374,north
Nuevo León,0.057556,0.422951,0.50552,north
Nuevo León,0.060163,0.366127,0.569909,north
San Luis Potosí,0.057119,0.389503,0.553358,north
Distrito Federal,0.058914,0.339792,0.601274,center
Nuevo León,0.064194,0.345185,0.576033,north
Tamaulipas,0.069972,0.359733,0.563795,north
Zacatecas,0.067783,0.362092,0.561997,north
Nuevo León,0.064936,0.366759,0.565179,north
Nuevo León,0.040673,0.585485,0.372266,north
Nuevo León,0.047879,0.396708,0.545882,north
Nuevo León,0.073583,0.308527,0.607815,north
Nuevo León,0.032529,0.740836,0.226615,north
Nuevo León,0.069489,0.361918,0.568573,north
Nuevo León,0.067025,0.198765,0.72155,north
Nuevo León,0.070929,0.209847,0.706101,north
Nuevo León,0.045188,0.313046,0.632804,north
Veracruz,0.07091,0.209575,0.71598,center
Nuevo León,0.042744,0.283549,0.667022,north
Distrito Federal,0.041595,0.24208,0.704723,center
Zacatecas,0.023762,0.341729,0.61888,north
Nuevo León,0.046662,0.368795,0.567281,north
Nuevo León,0.04419,0.25939,0.6964,north
Nuevo León,0.050779,0.360587,0.588614,north
Nuevo León,0.044223,0.436929,0.504254,north
Jalisco,0.053815,0.352035,0.584043,center
Hidalgo,1e-5,0.106801,0.891776,center
Nuevo León,0.06292,0.41029,0.522952,north
Nuevo León,0.081005,0.451239,0.467736,north
Nuevo León,0.057844,0.301629,0.640507,north
Hidalgo,0.009666,0.12303,0.85195,center
Nuevo León,0.054314,0.403405,0.530387,north
Veracruz,0.043439,0.046043,0.898777,center
Puebla,0.03768,0.376331,0.584921,center
Zacatecas,0.059852,0.257833,0.673757,north
Nuevo León,0.055687,0.422161,0.509296,north
Nuevo León,0.061679,0.416281,0.510791,north
Nuevo León,0.053291,0.284089,0.657794,north
Nuevo León,0.050316,0.289603,0.660062,north
Distrito Federal,0.010025,0.17444,0.800425,center
San Luis Potosí,0.046736,0.303424,0.649821,north
Nuevo León,0.047166,0.465422,0.475117,north
Nuevo León,0.081835,0.33199,0.579375,north
Tamaulipas,0.072626,0.478758,0.432533,north
San Luis Potosí,2.4e-5,0.001279,0.994489,north
Nuevo León,0.086842,0.399852,0.503505,north
Nuevo León,0.065784,0.200975,0.733217,north
Nuevo León,0.038556,0.309906,0.651518,north
Durango,0.056137,0.34971,0.59161,north
Nuevo León,0.058107,0.344421,0.597451,north
Nuevo León,0.06071,0.245766,0.692608,north
Puebla,1e-5,0.009009,0.987465,center
Tamaulipas,0.035937,0.321118,0.635687,north
Oaxaca,0.009077,0.013984,0.969216,south
Nuevo León,0.055735,0.351424,0.585149,north
Veracruz,0.072901,0.070124,0.836989,center
Nuevo León,0.087576,0.260339,0.647696,north
San Luis Potosí,0.026014,0.109888,0.847595,north
Veracruz,0.153415,0.364664,0.467461,center
Coahuila,0.054277,0.274223,0.668295,north
Nuevo León,0.067697,0.271849,0.66043,north
Veracruz,1e-5,1e-5,0.99996,center
Chiapas,0.1368,0.446815,0.416365,south
Nuevo León,0.050266,0.551804,0.396223,north
Veracruz,0.050559,0.103972,0.836279,center
San Luis Potosí,0.039945,0.284408,0.675627,north
Nuevo León,0.057267,0.273468,0.662124,north
Nuevo León,0.055817,0.501535,0.441483,north
Coahuila,0.035412,0.319913,0.642826,north
Nuevo León,0.063522,0.372498,0.544808,north
Nuevo León,0.086942,0.255843,0.657093,north
Nuevo León,0.032348,0.226572,0.733018,north
Nuevo León,0.049994,0.302412,0.64449,north
Baja California,0.042816,0.544727,0.411957,north
Zacatecas,0.075543,0.335848,0.586698,north
San Luis Potosí,0.054283,0.284967,0.654052,north
Nuevo León,0.031683,0.317827,0.644353,north
Veracruz,1e-5,0.059235,0.929544,center
San Luis Potosí,0.048327,0.343135,0.608518,north
Nuevo León,0.032328,0.684875,0.282777,north
Zacatecas,0.045789,0.616715,0.337303,north
Nuevo León,0.061796,0.587631,0.349351,north
Zacatecas,0.079099,0.365131,0.547885,north
Zacatecas,0.07879,0.352795,0.566317,north
Nuevo León,0.079638,0.293727,0.623177,north
Nuevo León,0.067856,0.320162,0.609994,north
Nuevo León,0.044227,0.338687,0.612087,north
Nuevo León,0.056579,0.435392,0.49834,north
San Luis Potosí,0.058641,0.295417,0.630363,north
Nuevo León,0.059493,0.407808,0.526188,north
Coahuila,0.076558,0.312323,0.605592,north
Nuevo León,0.073017,0.358202,0.568761,north
Nuevo León,0.034245,0.361803,0.603932,north
Chihuahua,0.042461,0.369186,0.579758,north
Nuevo León,0.050414,0.269442,0.663569,north
Nuevo León,0.025712,0.288304,0.683541,north
Nuevo León,0.039019,0.288999,0.658448,north
Nuevo León,0.062561,0.317127,0.608088,north
Nuevo León,0.056464,0.415572,0.517273,north
Nuevo León,0.049695,0.505052,0.425965,north
Nuevo León,0.058513,0.315012,0.613259,north
Nuevo León,0.026716,0.437928,0.510276,north
Nuevo León,0.054802,0.32076,0.620371,north
Nuevo León,0.056811,0.443144,0.500025,north
Nuevo León,0.038227,0.31942,0.628578,north
San Luis Potosí,0.078016,0.304097,0.616519,north
Nuevo León,0.080235,0.347907,0.55948,north
Nuevo León,0.045337,0.25976,0.694471,north
Nuevo León,0.038907,0.349231,0.611842,north
Zacatecas,0.046738,0.495744,0.457497,north
Nuevo León,0.038095,0.303313,0.650574,north
Michoacán,0.053529,0.361895,0.569521,center
Tabasco,0.102452,0.168698,0.722496,south
Nuevo León,0.04753,0.339137,0.613161,north
Nuevo León,0.078202,0.282469,0.612769,north
Veracruz,1e-5,0.024794,0.973562,center
Nuevo León,0.054167,0.356677,0.581751,north
Coahuila,1e-5,1e-5,0.99996,north
Tamaulipas,0.045019000000000003,0.197826,0.754239,north
Veracruz,0.065674,0.133514,0.797113,center
Nuevo León,0.055581,0.229368,0.708068,north
Nuevo León,0.065882,0.330561,0.596864,north
Nuevo León,0.058634,0.204958,0.720753,north
Nuevo León,0.036319,0.371808,0.5814,north
Nuevo León,0.077195,0.323005,0.586884,north
Nuevo León,0.040973999999999997,0.519642,0.420406,north
Tabasco,0.103709,0.12984,0.763793,south
Nuevo León,0.079551,0.319904,0.589568,north
Chihuahua,1e-5,0.077167,0.888838,north
Nuevo León,0.024348,0.429561,0.536901,north
Coahuila,0.052387,0.519354,0.42218,north
Nuevo León,0.061319,0.341835,0.593132,north
Nuevo León,0.028454,0.462434,0.507586,north
Nuevo León,0.043467,0.693393,0.257436,north
Nuevo León,0.067978,0.34867,0.582938,north
Nuevo León,0.043449,0.396792,0.556573,north
Nuevo León,0.045774,0.303167,0.639448,north
Michoacán,0.04695,0.498396,0.453621,center
Sonora,0.007694,0.18964,0.795353,north
Nuevo León,0.044645,0.272032,0.670404,north
Nuevo León,0.06227,0.337032,0.584212,north
Coahuila,0.04548,0.335849,0.60314,north
Tamaulipas,0.06142,0.308853,0.610207,north
Veracruz,0.055357,0.434962,0.498998,center
Tamaulipas,0.035026,0.251019,0.710652,north
Veracruz,0.003808,9.22e-4,0.991002,center
Nuevo León,0.034819,0.260997,0.69079,north
Nuevo León,0.054146,0.317836,0.61202,north
Nuevo León,0.038769,0.251518,0.701786,north
Veracruz,0.001296,0.005168,0.986727,center
Nuevo León,0.043292,0.3064,0.639333,north
Nuevo León,0.030582,0.171974,0.794054,north
Nuevo León,0.056978,0.390129,0.552873,north
Nuevo León,0.04607,0.260042,0.534466,north
Tabasco,0.026596,0.098193,0.870672,south
Tabasco,0.124179,0.217245,0.650644,south
Nuevo León,1e-5,1e-5,0.99996,north
Coahuila,0.059645,0.278043,0.589037,north
Nuevo León,0.042061,0.336812,0.611541,north
Nuevo León,0.049717,0.361094,0.589154,north
Nuevo León,0.054909,0.277373,0.655714,north
Nuevo León,0.037645,0.292473,0.659523,north
Nuevo León,0.041065,0.380127,0.578788,north
Nuevo León,0.042956,0.273384,0.680914,north
Nuevo León,0.0428,0.341794,0.60909,north
Nuevo León,0.028849,0.505584,0.462334,north
Nuevo León,0.039521,0.335355,0.605725,north
Zacatecas,0.107353,0.245501,0.64539,north
Nuevo León,0.035241,0.691745,0.271504,north
Nuevo León,0.054914,0.42403,0.509189,north
San Luis Potosí,0.046812,0.400893,0.544609,north
Nuevo León,0.085137,0.365888,0.54406,north
Nuevo León,0.01777,0.349031,0.633179,north
Coahuila,0.053574,0.275642,0.66545,north
Nuevo León,0.064968,0.353353,0.581659,north
San Luis Potosí,0.06828,0.340818,0.59088,north
Nuevo León,0.055974,0.455307,0.483299,north
Veracruz,0.012978,0.098306,0.872997,center
Nuevo León,0.056019,0.365211,0.567648,north
Coahuila,0.058577,0.321349,0.620054,north
Distrito Federal,0.025963,0.371633,0.578536,center
Nuevo León,0.056305,0.497135,0.44654,north
Nuevo León,0.07082,0.338471,0.582155,north
Nuevo León,0.039505,0.360848,0.576863,north
Nuevo León,0.079954,0.360756,0.55927,north
Tamaulipas,0.06103,0.437116,0.501835,north
Nuevo León,0.094253,0.335795,0.569569,north
Nuevo León,0.051782,0.343301,0.591117,north
Nuevo León,0.032397,0.544942,0.422641,north
Nuevo León,0.055764,0.347022,0.590034,north
Nuevo León,0.062047,0.415283,0.52265,north
Nuevo León,0.045397,0.372036,0.581424,north
Nuevo León,0.02188,0.238846,0.735637,north
Nuevo León,0.068507,0.582154,0.349319,north
Nuevo León,0.029662,0.283573,0.685196,north
Nuevo León,0.054421,0.296407,0.631226,north
Nuevo León,0.048956,0.258536,0.686889,north
Nuevo León,0.035107,0.412158,0.537747,north
Nuevo León,0.077011,0.420799,0.502171,north
Nuevo León,0.041027,0.532985,0.424758,north
Nuevo León,0.081302,0.308565,0.604898,north
Nuevo León,0.025826000000000002,0.296444,0.671122,north
Nuevo León,0.038571,0.537783,0.412637,north
Nuevo León,0.058135,0.444498,0.491673,north
Nuevo León,0.056495,0.536604,0.406881,north
Nuevo León,0.027092,0.52846,0.444428,north
San Luis Potosí,0.038184,0.402304,0.559492,north
Nuevo León,0.040735,0.534231,0.425014,north
San Luis Potosí,0.035619,0.241714,0.721294,north
Nuevo León,0.058266,0.356124,0.585589,north
Tabasco,0.148674,0.213946,0.63736,south
Coahuila,0.052446,0.344676,0.593186,north
San Luis Potosí,0.036117,0.408302,0.555561,north
Nuevo León,0.070836,0.377722,0.545465,north
Nuevo León,0.028699,0.517587,0.453694,north
Nuevo León,0.087139,0.279794,0.630194,north
Nuevo León,0.07995,0.522078,0.391157,north
San Luis Potosí,0.027524,0.19888,0.773576,north
Nuevo León,0.063265,0.567092,0.368294,north
Zacatecas,0.065386,0.231976,0.696325,north
Nuevo León,0.047838,0.411824,0.540318,north
Veracruz,0.180712,0.314189,0.466857,center
Nuevo León,0.063395,0.263147,0.673438,north
Nuevo León,0.070402,0.275158,0.652983,north
Nuevo León,0.052565,0.307574,0.629216,north
Nuevo León,0.071898,0.254531,0.657725,north
Nuevo León,0.02476,0.442429,0.520936,north
Zacatecas,0.046884,0.4563,0.494788,north
Nuevo León,0.053964,0.375536,0.559053,north
Nuevo León,0.037408,0.577143,0.385429,north
Coahuila,0.06417,0.365951,0.557158,north
Tamaulipas,0.066097,0.295146,0.637882,north
Nuevo León,0.054869,0.350115,0.576641,north
Nuevo León,0.061303,0.404184,0.534493,north
San Luis Potosí,0.042723,0.360094,0.57856,north
Nuevo León,0.03963,0.614056,0.345248,north
Nuevo León,0.14624,0.428165,0.418712,north
Distrito Federal,0.028016,0.256655,0.715309,center
Nuevo León,0.066596,0.279645,0.634244,north
Nuevo León,0.046556,0.616592,0.330383,north
Veracruz,0.04228,0.371206,0.573271,center
Nuevo León,0.063735,0.297254,0.635432,north
San Luis Potosí,0.030337,0.188334,0.764532,north
Nuevo León,0.10492,0.248717,0.646343,north
Nuevo León,0.048256,0.336867,0.595444,north
Nuevo León,0.054116,0.395993,0.547958,north
Nuevo León,0.054319,0.263284,0.681585,north
San Luis Potosí,1e-5,1e-5,0.99996,north
Nuevo León,0.061186,0.391627,0.533381,north
Tamaulipas,0.048424,0.491284,0.450027,north
Durango,0.068512,0.312481,0.605445,north
Nuevo León,0.048342,0.268114,0.676179,north
Veracruz,0.037003,0.049153,0.902819,center
Nuevo León,0.058042,0.335425,0.598841,north
Veracruz,5.05e-4,0.002187,0.992099,center
Tamaulipas,0.064996,0.439911,0.493994,north
Nuevo León,0.045747,0.325132,0.619839,north
Tabasco,0.031374,0.089085,0.867908,south
Veracruz,0.023862,0.079348,0.875268,center
Nuevo León,0.061308,0.384868,0.54585,north
Nuevo León,0.041821,0.26747,0.685332,north
Nuevo León,0.046526,0.267118,0.672751,north
Nuevo León,0.039629,0.31788,0.625807,north
Coahuila,0.049382,0.305496,0.645102,north
Tamaulipas,0.06304,0.24986,0.675113,north
Nuevo León,0.064486,0.397233,0.535724,north
Nuevo León,0.049368,0.323123,0.619043,north
Nuevo León,0.03578,0.310455,0.6462,north
Tabasco,0.066763,0.133922,0.79623,south
Zacatecas,0.03825,0.291572,0.660687,north
Tabasco,0.081913,0.17299,0.73911,south
Nuevo León,0.037093,0.323531,0.627043,north
Nuevo León,0.051795,0.319848,0.621847,north
Oaxaca,0.022413,0.062744,0.902684,south
Oaxaca,5.9e-4,0.001671,0.994957,south
Nuevo León,0.041988,0.326229,0.630424,north
Distrito Federal,0.044405,0.199729,0.744902,center
Nuevo León,0.067348,0.289041,0.630722,north
Nuevo León,0.051874,0.411859,0.520499,north
San Luis Potosí,0.069461,0.234076,0.686707,north
Nuevo León,0.039275,0.289822,0.669643,north
Veracruz,0.011139,1e-5,0.986979,center
México,0.002002,0.003733,0.985506,center
Nuevo León,0.028681,0.599247,0.364837,north
Nuevo León,0.068367,0.286941,0.643481,north
Nuevo León,0.042062,0.296095,0.645756,north
Hidalgo,9.49e-4,0.013723,0.97732,center
Veracruz,0.01595,0.041047,0.925603,center
San Luis Potosí,0.057448,0.291231,0.631142,north
Veracruz,1e-5,1e-5,0.99996,center
Chiapas,0.014235,0.077721,0.898604,south
Chiapas,1e-5,1e-5,0.99996,south
Puebla,3.98e-4,0.045955,0.941804,center
Nuevo León,0.049028,0.395635,0.555318,north
Nuevo León,0.045877,0.333923,0.610007,north
Nuevo León,0.045874,0.305278,0.626494,north
Nuevo León,0.017918,0.157563,0.813598,north
Nuevo León,0.046935,0.35581,0.58735,north
San Luis Potosí,0.06899,0.349799,0.568315,north
Coahuila,0.040888,0.237098,0.707489,north
Coahuila,0.083924,0.297148,0.610531,north
San Luis Potosí,0.043519,0.344902,0.60094,north
San Luis Potosí,0.048947,0.39542,0.554945,north
Coahuila,0.05615,0.481957,0.461873,north
San Luis Potosí,0.059199,0.479924,0.460857,north
San Luis Potosí,0.012848,0.392082,0.58624,north
San Luis Potosí,0.064668,0.29012,0.642559,north
Oaxaca,0.061247,0.290982,0.637644,south
San Luis Potosí,0.063467,0.2827,0.646129,north
Coahuila,0.04561,0.24736,0.694492,north
Coahuila,0.052211,0.330753,0.612129,north
San Luis Potosí,0.042786,0.392337,0.560327,north
Coahuila,0.071708,0.22709,0.679818,north
Nuevo León,0.053945,0.35775,0.582995,north
Nuevo León,0.06032,0.336001,0.598695,north
Nuevo León,0.072893,0.397038,0.530048,north
Nuevo León,0.046172,0.350638,0.599123,north
Nuevo León,0.068507,0.339176,0.590432,north
Coahuila,0.071068,0.305338,0.621998,north
San Luis Potosí,0.057179,0.22269,0.701346,north
Nuevo León,0.021226,0.285305,0.690614,north
Coahuila,0.074193,0.340694,0.585093,north
Guanajuato,0.058734,0.273464,0.66521,center
Zacatecas,0.057879,0.334883,0.602727,north
San Luis Potosí,0.055694,0.416296,0.515383,north
Nuevo León,0.05152,0.418178,0.530281,north
Coahuila,0.06942,0.330193,0.5986,north
Nuevo León,0.065183,0.359613,0.575184,north
San Luis Potosí,0.048452,0.328504,0.604732,north
San Luis Potosí,0.066372,0.350112,0.569045,north
Nuevo León,0.06314,0.258531,0.676047,north
Nuevo León,0.062034,0.300576,0.637368,north
Nuevo León,0.071757,0.350231,0.576395,north
Nuevo León,0.044338,0.335125,0.603392,north
Nuevo León,0.041744,0.326517,0.631261,north
